path,predict,true,isRight
/home/qmh/Projects/Datasets/TIMIT_M/TIMIT_OUTPUT/test/mmdb1_sx185.pickle,mmdb1,mmdb1,1
/home/qmh/Projects/Datasets/TIMIT_M/TIMIT_OUTPUT/test/mjdm1_sx5.pickle,mjbr0,mjdm1,0
/home/qmh/Projects/Datasets/TIMIT_M/TIMIT_OUTPUT/test/mstk0_sx214.pickle,mstk0,mstk0,1
/home/qmh/Projects/Datasets/TIMIT_M/TIMIT_OUTPUT/test/mklt0_sx313.pickle,mklt0,mklt0,1
/home/qmh/Projects/Datasets/TIMIT_M/TIMIT_OUTPUT/test/mthc0_sx25.pickle,mdac2,mthc0,0
/home/qmh/Projects/Datasets/TIMIT_M/TIMIT_OUTPUT/test/mpab0_sx138.pickle,mpab0,mpab0,1
/home/qmh/Projects/Datasets/TIMIT_M/TIMIT_OUTPUT/test/fedw0_sx4.pickle,fedw0,fedw0,1
/home/qmh/Projects/Datasets/TIMIT_M/TIMIT_OUTPUT/test/flas0_sx228.pickle,flas0,flas0,1
/home/qmh/Projects/Datasets/TIMIT_M/TIMIT_OUTPUT/test/mcsh0_sx109.pickle,mcsh0,mcsh0,1
/home/qmh/Projects/Datasets/TIMIT_M/TIMIT_OUTPUT/test/mfgk0_sx214.pickle,mfgk0,mfgk0,1
/home/qmh/Projects/Datasets/TIMIT_M/TIMIT_OUTPUT/test/mpgl0_sx109.pickle,mpgl0,mpgl0,1
/home/qmh/Projects/Datasets/TIMIT_M/TIMIT_OUTPUT/test/mgmm0_sx49.pickle,mgmm0,mgmm0,1
/home/qmh/Projects/Datasets/TIMIT_M/TIMIT_OUTPUT/test/futb0_sx214.pickle,futb0,futb0,1
/home/qmh/Projects/Datasets/TIMIT_M/TIMIT_OUTPUT/test/mplb0_sx314.pickle,mplb0,mplb0,1
/home/qmh/Projects/Datasets/TIMIT_M/TIMIT_OUTPUT/test/fcal1_sx413.pickle,fcal1,fcal1,1
/home/qmh/Projects/Datasets/TIMIT_M/TIMIT_OUTPUT/test/mwvw0_sx216.pickle,mwvw0,mwvw0,1
/home/qmh/Projects/Datasets/TIMIT_M/TIMIT_OUTPUT/test/mjth0_sx396.pickle,mjth0,mjth0,1
/home/qmh/Projects/Datasets/TIMIT_M/TIMIT_OUTPUT/test/mrgg0_sx389.pickle,mrgg0,mrgg0,1
/home/qmh/Projects/Datasets/TIMIT_M/TIMIT_OUTPUT/test/fcft0_sx368.pickle,fcft0,fcft0,1
/home/qmh/Projects/Datasets/TIMIT_M/TIMIT_OUTPUT/test/mbjk0_sx275.pickle,mbjk0,mbjk0,1
/home/qmh/Projects/Datasets/TIMIT_M/TIMIT_OUTPUT/test/fgjd0_sx279.pickle,fgjd0,fgjd0,1
/home/qmh/Projects/Datasets/TIMIT_M/TIMIT_OUTPUT/test/mgrt0_sx370.pickle,mgrt0,mgrt0,1
/home/qmh/Projects/Datasets/TIMIT_M/TIMIT_OUTPUT/test/mdab0_sx139.pickle,mdab0,mdab0,1
/home/qmh/Projects/Datasets/TIMIT_M/TIMIT_OUTPUT/test/mjjg0_sx13.pickle,mjjg0,mjjg0,1
/home/qmh/Projects/Datasets/TIMIT_M/TIMIT_OUTPUT/test/fdms0_sx228.pickle,fdms0,fdms0,1
/home/qmh/Projects/Datasets/TIMIT_M/TIMIT_OUTPUT/test/mtaa0_sx25.pickle,mtaa0,mtaa0,1
/home/qmh/Projects/Datasets/TIMIT_M/TIMIT_OUTPUT/test/mkcl0_sx191.pickle,mkcl0,mkcl0,1
/home/qmh/Projects/Datasets/TIMIT_M/TIMIT_OUTPUT/test/fgmd0_sx413.pickle,fgmd0,fgmd0,1
/home/qmh/Projects/Datasets/TIMIT_M/TIMIT_OUTPUT/test/fsxa0_sx298.pickle,fsxa0,fsxa0,1
/home/qmh/Projects/Datasets/TIMIT_M/TIMIT_OUTPUT/test/fjem0_sx364.pickle,fjem0,fjem0,1
/home/qmh/Projects/Datasets/TIMIT_M/TIMIT_OUTPUT/test/majc0_sx385.pickle,majc0,majc0,1
/home/qmh/Projects/Datasets/TIMIT_M/TIMIT_OUTPUT/test/mwbt0_sx23.pickle,mwbt0,mwbt0,1
/home/qmh/Projects/Datasets/TIMIT_M/TIMIT_OUTPUT/test/mccs0_sx299.pickle,mccs0,mccs0,1
/home/qmh/Projects/Datasets/TIMIT_M/TIMIT_OUTPUT/test/mbpm0_sx137.pickle,mbpm0,mbpm0,1
/home/qmh/Projects/Datasets/TIMIT_M/TIMIT_OUTPUT/test/mdac2_sx189.pickle,mdac2,mdac2,1
/home/qmh/Projects/Datasets/TIMIT_M/TIMIT_OUTPUT/test/mkjl0_sx380.pickle,mkjl0,mkjl0,1
/home/qmh/Projects/Datasets/TIMIT_M/TIMIT_OUTPUT/test/mdlf0_sx143.pickle,mdlf0,mdlf0,1
/home/qmh/Projects/Datasets/TIMIT_M/TIMIT_OUTPUT/test/mdvc0_sx216.pickle,mdvc0,mdvc0,1
/home/qmh/Projects/Datasets/TIMIT_M/TIMIT_OUTPUT/test/mcmj0_sx194.pickle,mcmj0,mcmj0,1
/home/qmh/Projects/Datasets/TIMIT_M/TIMIT_OUTPUT/test/flas0_sx48.pickle,flas0,flas0,1
/home/qmh/Projects/Datasets/TIMIT_M/TIMIT_OUTPUT/test/mgmm0_sx229.pickle,mtls0,mgmm0,0
/home/qmh/Projects/Datasets/TIMIT_M/TIMIT_OUTPUT/test/mfgk0_sx34.pickle,mfgk0,mfgk0,1
/home/qmh/Projects/Datasets/TIMIT_M/TIMIT_OUTPUT/test/mcmb0_sx368.pickle,mcmb0,mcmb0,1
/home/qmh/Projects/Datasets/TIMIT_M/TIMIT_OUTPUT/test/mers0_sx299.pickle,mers0,mers0,1
/home/qmh/Projects/Datasets/TIMIT_M/TIMIT_OUTPUT/test/mdwk0_sx10.pickle,mdwk0,mdwk0,1
/home/qmh/Projects/Datasets/TIMIT_M/TIMIT_OUTPUT/test/fram1_sx100.pickle,fram1,fram1,1
/home/qmh/Projects/Datasets/TIMIT_M/TIMIT_OUTPUT/test/mmjr0_sx388.pickle,mmjr0,mmjr0,1
/home/qmh/Projects/Datasets/TIMIT_M/TIMIT_OUTPUT/test/mrcs0_sx143.pickle,mrcs0,mrcs0,1
/home/qmh/Projects/Datasets/TIMIT_M/TIMIT_OUTPUT/test/mesd0_sx102.pickle,mesd0,mesd0,1
/home/qmh/Projects/Datasets/TIMIT_M/TIMIT_OUTPUT/test/fhes0_sx299.pickle,fhes0,fhes0,1
/home/qmh/Projects/Datasets/TIMIT_M/TIMIT_OUTPUT/test/mpam0_sx19.pickle,mpam0,mpam0,1
/home/qmh/Projects/Datasets/TIMIT_M/TIMIT_OUTPUT/test/mdvc0_sx126.pickle,mdvc0,mdvc0,1
/home/qmh/Projects/Datasets/TIMIT_M/TIMIT_OUTPUT/test/flas0_sx408.pickle,flas0,flas0,1
/home/qmh/Projects/Datasets/TIMIT_M/TIMIT_OUTPUT/test/fcft0_sx8.pickle,fcft0,fcft0,1
/home/qmh/Projects/Datasets/TIMIT_M/TIMIT_OUTPUT/test/fjem0_sx184.pickle,fjem0,fjem0,1
/home/qmh/Projects/Datasets/TIMIT_M/TIMIT_OUTPUT/test/mrpp0_sx284.pickle,mrpp0,mrpp0,1
/home/qmh/Projects/Datasets/TIMIT_M/TIMIT_OUTPUT/test/fjwb0_sx95.pickle,fjwb0,fjwb0,1
/home/qmh/Projects/Datasets/TIMIT_M/TIMIT_OUTPUT/test/fmgd0_sx34.pickle,fmgd0,fmgd0,1
/home/qmh/Projects/Datasets/TIMIT_M/TIMIT_OUTPUT/test/fdrd1_sx14.pickle,fdhc0,fdrd1,0
/home/qmh/Projects/Datasets/TIMIT_M/TIMIT_OUTPUT/test/mwew0_sx371.pickle,mwew0,mwew0,1
/home/qmh/Projects/Datasets/TIMIT_M/TIMIT_OUTPUT/test/fmml0_sx230.pickle,fmml0,fmml0,1
/home/qmh/Projects/Datasets/TIMIT_M/TIMIT_OUTPUT/test/mwbt0_sx293.pickle,mwbt0,mwbt0,1
/home/qmh/Projects/Datasets/TIMIT_M/TIMIT_OUTPUT/test/mjmp0_sx275.pickle,mjmp0,mjmp0,1
/home/qmh/Projects/Datasets/TIMIT_M/TIMIT_OUTPUT/test/mreb0_sx115.pickle,mreb0,mreb0,1
/home/qmh/Projects/Datasets/TIMIT_M/TIMIT_OUTPUT/test/mrjo0_sx14.pickle,mrjo0,mrjo0,1
/home/qmh/Projects/Datasets/TIMIT_M/TIMIT_OUTPUT/test/fawf0_sx190.pickle,fawf0,fawf0,1
/home/qmh/Projects/Datasets/TIMIT_M/TIMIT_OUTPUT/test/mlll0_sx103.pickle,mlll0,mlll0,1
/home/qmh/Projects/Datasets/TIMIT_M/TIMIT_OUTPUT/test/mdwa0_sx5.pickle,mabw0,mdwa0,0
/home/qmh/Projects/Datasets/TIMIT_M/TIMIT_OUTPUT/test/mdrm0_sx383.pickle,mdrm0,mdrm0,1
/home/qmh/Projects/Datasets/TIMIT_M/TIMIT_OUTPUT/test/mdls0_sx368.pickle,mdls0,mdls0,1
/home/qmh/Projects/Datasets/TIMIT_M/TIMIT_OUTPUT/test/mpam1_sx36.pickle,mpam1,mpam1,1
/home/qmh/Projects/Datasets/TIMIT_M/TIMIT_OUTPUT/test/fmml0_sx320.pickle,fmml0,fmml0,1
/home/qmh/Projects/Datasets/TIMIT_M/TIMIT_OUTPUT/test/mjrf0_sx371.pickle,mjrf0,mjrf0,1
/home/qmh/Projects/Datasets/TIMIT_M/TIMIT_OUTPUT/test/fjwb0_sx275.pickle,fjwb0,fjwb0,1
/home/qmh/Projects/Datasets/TIMIT_M/TIMIT_OUTPUT/test/mhpg0_sx370.pickle,mhpg0,mhpg0,1
/home/qmh/Projects/Datasets/TIMIT_M/TIMIT_OUTPUT/test/mjln0_sx99.pickle,mjln0,mjln0,1
/home/qmh/Projects/Datasets/TIMIT_M/TIMIT_OUTPUT/test/mstk0_sx34.pickle,mstk0,mstk0,1
/home/qmh/Projects/Datasets/TIMIT_M/TIMIT_OUTPUT/test/fpkt0_sx188.pickle,fpkt0,fpkt0,1
/home/qmh/Projects/Datasets/TIMIT_M/TIMIT_OUTPUT/test/mjln0_sx369.pickle,mjln0,mjln0,1
/home/qmh/Projects/Datasets/TIMIT_M/TIMIT_OUTPUT/test/fjas0_sx410.pickle,fjas0,fjas0,1
/home/qmh/Projects/Datasets/TIMIT_M/TIMIT_OUTPUT/test/mbns0_sx230.pickle,mbns0,mbns0,1
/home/qmh/Projects/Datasets/TIMIT_M/TIMIT_OUTPUT/test/fedw0_sx94.pickle,fedw0,fedw0,1
/home/qmh/Projects/Datasets/TIMIT_M/TIMIT_OUTPUT/test/mrgg0_sx209.pickle,mrgg0,mrgg0,1
/home/qmh/Projects/Datasets/TIMIT_M/TIMIT_OUTPUT/test/mdbb0_sx115.pickle,mdbb0,mdbb0,1
/home/qmh/Projects/Datasets/TIMIT_M/TIMIT_OUTPUT/test/mrjm3_sx8.pickle,mabw0,mrjm3,0
/home/qmh/Projects/Datasets/TIMIT_M/TIMIT_OUTPUT/test/mkdr0_sx13.pickle,mkdr0,mkdr0,1
/home/qmh/Projects/Datasets/TIMIT_M/TIMIT_OUTPUT/test/mljb0_sx320.pickle,mljb0,mljb0,1
/home/qmh/Projects/Datasets/TIMIT_M/TIMIT_OUTPUT/test/mnjm0_sx230.pickle,mnjm0,mnjm0,1
/home/qmh/Projects/Datasets/TIMIT_M/TIMIT_OUTPUT/test/fmgd0_sx394.pickle,fmgd0,fmgd0,1
/home/qmh/Projects/Datasets/TIMIT_M/TIMIT_OUTPUT/test/fcau0_sx47.pickle,fcau0,fcau0,1
/home/qmh/Projects/Datasets/TIMIT_M/TIMIT_OUTPUT/test/mrko0_sx137.pickle,mrko0,mrko0,1
/home/qmh/Projects/Datasets/TIMIT_M/TIMIT_OUTPUT/test/fdac1_sx214.pickle,fdac1,fdac1,1
/home/qmh/Projects/Datasets/TIMIT_M/TIMIT_OUTPUT/test/mthc0_sx295.pickle,mjvw0,mthc0,0
/home/qmh/Projects/Datasets/TIMIT_M/TIMIT_OUTPUT/test/majc0_sx205.pickle,majc0,majc0,1
/home/qmh/Projects/Datasets/TIMIT_M/TIMIT_OUTPUT/test/mcmj0_sx284.pickle,mcmj0,mcmj0,1
/home/qmh/Projects/Datasets/TIMIT_M/TIMIT_OUTPUT/test/mjar0_sx368.pickle,mjar0,mjar0,1
/home/qmh/Projects/Datasets/TIMIT_M/TIMIT_OUTPUT/test/flkd0_sx379.pickle,flkd0,flkd0,1
/home/qmh/Projects/Datasets/TIMIT_M/TIMIT_OUTPUT/test/mwjg0_sx314.pickle,mwjg0,mwjg0,1
/home/qmh/Projects/Datasets/TIMIT_M/TIMIT_OUTPUT/test/mjjg0_sx373.pickle,mjjg0,mjjg0,1
/home/qmh/Projects/Datasets/TIMIT_M/TIMIT_OUTPUT/test/mres0_sx47.pickle,mres0,mres0,1
/home/qmh/Projects/Datasets/TIMIT_M/TIMIT_OUTPUT/test/futb0_sx124.pickle,futb0,futb0,1
/home/qmh/Projects/Datasets/TIMIT_M/TIMIT_OUTPUT/test/mrjr0_sx12.pickle,mrjr0,mrjr0,1
/home/qmh/Projects/Datasets/TIMIT_M/TIMIT_OUTPUT/test/fadg0_sx199.pickle,fadg0,fadg0,1
/home/qmh/Projects/Datasets/TIMIT_M/TIMIT_OUTPUT/test/mwew0_sx101.pickle,mwew0,mwew0,1
/home/qmh/Projects/Datasets/TIMIT_M/TIMIT_OUTPUT/test/mjjg0_sx283.pickle,mjjg0,mjjg0,1
/home/qmh/Projects/Datasets/TIMIT_M/TIMIT_OUTPUT/test/mrpc0_sx403.pickle,mkdr0,mrpc0,0
/home/qmh/Projects/Datasets/TIMIT_M/TIMIT_OUTPUT/test/mpwm0_sx407.pickle,mpwm0,mpwm0,1
/home/qmh/Projects/Datasets/TIMIT_M/TIMIT_OUTPUT/test/mglb0_sx364.pickle,mglb0,mglb0,1
/home/qmh/Projects/Datasets/TIMIT_M/TIMIT_OUTPUT/test/mmdm2_sx372.pickle,mmdm2,mmdm2,1
/home/qmh/Projects/Datasets/TIMIT_M/TIMIT_OUTPUT/test/mmdb1_sx5.pickle,mmdb1,mmdb1,1
/home/qmh/Projects/Datasets/TIMIT_M/TIMIT_OUTPUT/test/mjdm1_sx275.pickle,mjdm1,mjdm1,1
/home/qmh/Projects/Datasets/TIMIT_M/TIMIT_OUTPUT/test/mstk0_sx394.pickle,mstk0,mstk0,1
/home/qmh/Projects/Datasets/TIMIT_M/TIMIT_OUTPUT/test/mnjm0_sx320.pickle,mnjm0,mnjm0,1
/home/qmh/Projects/Datasets/TIMIT_M/TIMIT_OUTPUT/test/mglb0_sx184.pickle,mdwk0,mglb0,0
/home/qmh/Projects/Datasets/TIMIT_M/TIMIT_OUTPUT/test/mjrf0_sx11.pickle,mjrf0,mjrf0,1
/home/qmh/Projects/Datasets/TIMIT_M/TIMIT_OUTPUT/test/flbw0_sx409.pickle,flbw0,flbw0,1
/home/qmh/Projects/Datasets/TIMIT_M/TIMIT_OUTPUT/test/mjsw0_sx110.pickle,mjsw0,mjsw0,1
/home/qmh/Projects/Datasets/TIMIT_M/TIMIT_OUTPUT/test/mpcs0_sx9.pickle,mpcs0,mpcs0,1
/home/qmh/Projects/Datasets/TIMIT_M/TIMIT_OUTPUT/test/mwjg0_sx134.pickle,mwjg0,mwjg0,1
/home/qmh/Projects/Datasets/TIMIT_M/TIMIT_OUTPUT/test/flkd0_sx289.pickle,flkd0,flkd0,1
/home/qmh/Projects/Datasets/TIMIT_M/TIMIT_OUTPUT/test/fmgd0_sx214.pickle,fmgd0,fmgd0,1
/home/qmh/Projects/Datasets/TIMIT_M/TIMIT_OUTPUT/test/mplb0_sx404.pickle,mplb0,mplb0,1
/home/qmh/Projects/Datasets/TIMIT_M/TIMIT_OUTPUT/test/mrms1_sx137.pickle,mrms1,mrms1,1
/home/qmh/Projects/Datasets/TIMIT_M/TIMIT_OUTPUT/test/mgjf0_sx101.pickle,mgjf0,mgjf0,1
/home/qmh/Projects/Datasets/TIMIT_M/TIMIT_OUTPUT/test/mcmb0_sx98.pickle,mcmb0,mcmb0,1
/home/qmh/Projects/Datasets/TIMIT_M/TIMIT_OUTPUT/test/mdwa0_sx95.pickle,mdwa0,mdwa0,1
/home/qmh/Projects/Datasets/TIMIT_M/TIMIT_OUTPUT/test/fjsa0_sx389.pickle,fjsa0,fjsa0,1
/home/qmh/Projects/Datasets/TIMIT_M/TIMIT_OUTPUT/test/mdab0_sx409.pickle,mdab0,mdab0,1
/home/qmh/Projects/Datasets/TIMIT_M/TIMIT_OUTPUT/test/fpkt0_sx8.pickle,fpkt0,fpkt0,1
/home/qmh/Projects/Datasets/TIMIT_M/TIMIT_OUTPUT/test/mgrt0_sx100.pickle,mgrt0,mgrt0,1
/home/qmh/Projects/Datasets/TIMIT_M/TIMIT_OUTPUT/test/fram1_sx190.pickle,fram1,fram1,1
/home/qmh/Projects/Datasets/TIMIT_M/TIMIT_OUTPUT/test/mdwk0_sx280.pickle,mdwk0,mdwk0,1
/home/qmh/Projects/Datasets/TIMIT_M/TIMIT_OUTPUT/test/mkdr0_sx103.pickle,mkdr0,mkdr0,1
/home/qmh/Projects/Datasets/TIMIT_M/TIMIT_OUTPUT/test/frew0_sx110.pickle,frew0,frew0,1
/home/qmh/Projects/Datasets/TIMIT_M/TIMIT_OUTPUT/test/fjmg0_sx371.pickle,fjmg0,fjmg0,1
/home/qmh/Projects/Datasets/TIMIT_M/TIMIT_OUTPUT/test/fram1_sx10.pickle,fmgd0,fram1,0
/home/qmh/Projects/Datasets/TIMIT_M/TIMIT_OUTPUT/test/fpas0_sx404.pickle,fpas0,fpas0,1
/home/qmh/Projects/Datasets/TIMIT_M/TIMIT_OUTPUT/test/mjar0_sx8.pickle,mjar0,mjar0,1
/home/qmh/Projects/Datasets/TIMIT_M/TIMIT_OUTPUT/test/mrpp0_sx374.pickle,mrpp0,mrpp0,1
/home/qmh/Projects/Datasets/TIMIT_M/TIMIT_OUTPUT/test/mlnt0_sx102.pickle,mlnt0,mlnt0,1
/home/qmh/Projects/Datasets/TIMIT_M/TIMIT_OUTPUT/test/fdrd1_sx374.pickle,fdrd1,fdrd1,1
/home/qmh/Projects/Datasets/TIMIT_M/TIMIT_OUTPUT/test/mpcs0_sx279.pickle,mpcs0,mpcs0,1
/home/qmh/Projects/Datasets/TIMIT_M/TIMIT_OUTPUT/test/mtwh0_sx110.pickle,mtwh0,mtwh0,1
/home/qmh/Projects/Datasets/TIMIT_M/TIMIT_OUTPUT/test/mjbr0_sx281.pickle,mjbr0,mjbr0,1
/home/qmh/Projects/Datasets/TIMIT_M/TIMIT_OUTPUT/test/mrjo0_sx374.pickle,mrjo0,mrjo0,1
/home/qmh/Projects/Datasets/TIMIT_M/TIMIT_OUTPUT/test/fjcs0_sx49.pickle,fjcs0,fjcs0,1
/home/qmh/Projects/Datasets/TIMIT_M/TIMIT_OUTPUT/test/mctw0_sx203.pickle,mctw0,mctw0,1
/home/qmh/Projects/Datasets/TIMIT_M/TIMIT_OUTPUT/test/mhpg0_sx10.pickle,mhpg0,mhpg0,1
/home/qmh/Projects/Datasets/TIMIT_M/TIMIT_OUTPUT/test/fjcs0_sx319.pickle,fjcs0,fjcs0,1
/home/qmh/Projects/Datasets/TIMIT_M/TIMIT_OUTPUT/test/mrws1_sx230.pickle,mrws1,mrws1,1
/home/qmh/Projects/Datasets/TIMIT_M/TIMIT_OUTPUT/test/mwvw0_sx126.pickle,mwvw0,mwvw0,1
/home/qmh/Projects/Datasets/TIMIT_M/TIMIT_OUTPUT/test/fslb1_sx374.pickle,fslb1,fslb1,1
/home/qmh/Projects/Datasets/TIMIT_M/TIMIT_OUTPUT/test/mdbb0_sx25.pickle,mdbb0,mdbb0,1
/home/qmh/Projects/Datasets/TIMIT_M/TIMIT_OUTPUT/test/mrms1_sx47.pickle,mrms1,mrms1,1
/home/qmh/Projects/Datasets/TIMIT_M/TIMIT_OUTPUT/test/fdac1_sx304.pickle,fdac1,fdac1,1
/home/qmh/Projects/Datasets/TIMIT_M/TIMIT_OUTPUT/test/fnmr0_sx409.pickle,fnmr0,fnmr0,1
/home/qmh/Projects/Datasets/TIMIT_M/TIMIT_OUTPUT/test/mcmj0_sx14.pickle,mcmj0,mcmj0,1
/home/qmh/Projects/Datasets/TIMIT_M/TIMIT_OUTPUT/test/fisb0_sx319.pickle,fisb0,fisb0,1
/home/qmh/Projects/Datasets/TIMIT_M/TIMIT_OUTPUT/test/mahh0_sx304.pickle,mahh0,mahh0,1
/home/qmh/Projects/Datasets/TIMIT_M/TIMIT_OUTPUT/test/mteb0_sx413.pickle,mteb0,mteb0,1
/home/qmh/Projects/Datasets/TIMIT_M/TIMIT_OUTPUT/test/mdab0_sx49.pickle,mdab0,mdab0,1
/home/qmh/Projects/Datasets/TIMIT_M/TIMIT_OUTPUT/test/mwvw0_sx306.pickle,mwvw0,mwvw0,1
/home/qmh/Projects/Datasets/TIMIT_M/TIMIT_OUTPUT/test/fpas0_sx314.pickle,fpas0,fpas0,1
/home/qmh/Projects/Datasets/TIMIT_M/TIMIT_OUTPUT/test/fjmg0_sx101.pickle,fjmg0,fjmg0,1
/home/qmh/Projects/Datasets/TIMIT_M/TIMIT_OUTPUT/test/fmaf0_sx109.pickle,fmaf0,fmaf0,1
/home/qmh/Projects/Datasets/TIMIT_M/TIMIT_OUTPUT/test/mrjs0_sx184.pickle,mrjs0,mrjs0,1
/home/qmh/Projects/Datasets/TIMIT_M/TIMIT_OUTPUT/test/mmab0_sx102.pickle,mmab0,mmab0,1
/home/qmh/Projects/Datasets/TIMIT_M/TIMIT_OUTPUT/test/ftlh0_sx379.pickle,ftlh0,ftlh0,1
/home/qmh/Projects/Datasets/TIMIT_M/TIMIT_OUTPUT/test/frew0_sx200.pickle,frew0,frew0,1
/home/qmh/Projects/Datasets/TIMIT_M/TIMIT_OUTPUT/test/mmwh0_sx99.pickle,mmwh0,mmwh0,1
/home/qmh/Projects/Datasets/TIMIT_M/TIMIT_OUTPUT/test/mhpg0_sx100.pickle,mhpg0,mhpg0,1
/home/qmh/Projects/Datasets/TIMIT_M/TIMIT_OUTPUT/test/fgwr0_sx228.pickle,fgwr0,fgwr0,1
/home/qmh/Projects/Datasets/TIMIT_M/TIMIT_OUTPUT/test/fgwr0_sx318.pickle,fgwr0,fgwr0,1
/home/qmh/Projects/Datasets/TIMIT_M/TIMIT_OUTPUT/test/mesd0_sx372.pickle,mesd0,mesd0,1
/home/qmh/Projects/Datasets/TIMIT_M/TIMIT_OUTPUT/test/fjas0_sx50.pickle,fjas0,fjas0,1
/home/qmh/Projects/Datasets/TIMIT_M/TIMIT_OUTPUT/test/majc0_sx25.pickle,majc0,majc0,1
/home/qmh/Projects/Datasets/TIMIT_M/TIMIT_OUTPUT/test/mwew0_sx11.pickle,mwew0,mwew0,1
/home/qmh/Projects/Datasets/TIMIT_M/TIMIT_OUTPUT/test/mjth0_sx216.pickle,mjth0,mjth0,1
/home/qmh/Projects/Datasets/TIMIT_M/TIMIT_OUTPUT/test/frng0_sx365.pickle,frng0,frng0,1
/home/qmh/Projects/Datasets/TIMIT_M/TIMIT_OUTPUT/test/fcft0_sx188.pickle,fcft0,fcft0,1
/home/qmh/Projects/Datasets/TIMIT_M/TIMIT_OUTPUT/test/mrrk0_sx298.pickle,mrrk0,mrrk0,1
/home/qmh/Projects/Datasets/TIMIT_M/TIMIT_OUTPUT/test/mlih0_sx13.pickle,mlih0,mlih0,1
/home/qmh/Projects/Datasets/TIMIT_M/TIMIT_OUTPUT/test/majc0_sx295.pickle,majc0,majc0,1
/home/qmh/Projects/Datasets/TIMIT_M/TIMIT_OUTPUT/test/fslb1_sx284.pickle,fslb1,fslb1,1
/home/qmh/Projects/Datasets/TIMIT_M/TIMIT_OUTPUT/test/mrtk0_sx283.pickle,mrtk0,mrtk0,1
/home/qmh/Projects/Datasets/TIMIT_M/TIMIT_OUTPUT/test/mrws1_sx140.pickle,mrws1,mrws1,1
/home/qmh/Projects/Datasets/TIMIT_M/TIMIT_OUTPUT/test/fdhc0_sx119.pickle,fdhc0,fdhc0,1
/home/qmh/Projects/Datasets/TIMIT_M/TIMIT_OUTPUT/test/mrgg0_sx299.pickle,mrgg0,mrgg0,1
/home/qmh/Projects/Datasets/TIMIT_M/TIMIT_OUTPUT/test/fhew0_sx313.pickle,fhew0,fhew0,1
/home/qmh/Projects/Datasets/TIMIT_M/TIMIT_OUTPUT/test/fsem0_sx118.pickle,fsem0,fsem0,1
/home/qmh/Projects/Datasets/TIMIT_M/TIMIT_OUTPUT/test/mkch0_sx298.pickle,mkch0,mkch0,1
/home/qmh/Projects/Datasets/TIMIT_M/TIMIT_OUTPUT/test/mdld0_sx193.pickle,mdld0,mdld0,1
/home/qmh/Projects/Datasets/TIMIT_M/TIMIT_OUTPUT/test/fjwb0_sx365.pickle,fjwb0,fjwb0,1
/home/qmh/Projects/Datasets/TIMIT_M/TIMIT_OUTPUT/test/mdls0_sx8.pickle,mdls0,mdls0,1
/home/qmh/Projects/Datasets/TIMIT_M/TIMIT_OUTPUT/test/mnjm0_sx50.pickle,mnjm0,mnjm0,1
/home/qmh/Projects/Datasets/TIMIT_M/TIMIT_OUTPUT/test/mjsw0_sx20.pickle,mjsw0,mjsw0,1
/home/qmh/Projects/Datasets/TIMIT_M/TIMIT_OUTPUT/test/fnmr0_sx229.pickle,fnmr0,fnmr0,1
/home/qmh/Projects/Datasets/TIMIT_M/TIMIT_OUTPUT/test/msjs1_sx9.pickle,msjs1,msjs1,1
/home/qmh/Projects/Datasets/TIMIT_M/TIMIT_OUTPUT/test/mrws1_sx410.pickle,mrws1,mrws1,1
/home/qmh/Projects/Datasets/TIMIT_M/TIMIT_OUTPUT/test/fcmh1_sx413.pickle,fcmh1,fcmh1,1
/home/qmh/Projects/Datasets/TIMIT_M/TIMIT_OUTPUT/test/mdlf0_sx233.pickle,mdlf0,mdlf0,1
/home/qmh/Projects/Datasets/TIMIT_M/TIMIT_OUTPUT/test/fjlm0_sx143.pickle,fjlm0,fjlm0,1
/home/qmh/Projects/Datasets/TIMIT_M/TIMIT_OUTPUT/test/fcal1_sx233.pickle,fcal1,fcal1,1
/home/qmh/Projects/Datasets/TIMIT_M/TIMIT_OUTPUT/test/fsem0_sx28.pickle,fsem0,fsem0,1
/home/qmh/Projects/Datasets/TIMIT_M/TIMIT_OUTPUT/test/fawf0_sx100.pickle,fawf0,fawf0,1
/home/qmh/Projects/Datasets/TIMIT_M/TIMIT_OUTPUT/test/fjre0_sx36.pickle,fjre0,fjre0,1
/home/qmh/Projects/Datasets/TIMIT_M/TIMIT_OUTPUT/test/mchh0_sx194.pickle,mchh0,mchh0,1
/home/qmh/Projects/Datasets/TIMIT_M/TIMIT_OUTPUT/test/frew0_sx290.pickle,frew0,frew0,1
/home/qmh/Projects/Datasets/TIMIT_M/TIMIT_OUTPUT/test/mteb0_sx53.pickle,mteb0,mteb0,1
/home/qmh/Projects/Datasets/TIMIT_M/TIMIT_OUTPUT/test/mwbt0_sx113.pickle,mwbt0,mwbt0,1
/home/qmh/Projects/Datasets/TIMIT_M/TIMIT_OUTPUT/test/mpam0_sx199.pickle,mpam0,mpam0,1
/home/qmh/Projects/Datasets/TIMIT_M/TIMIT_OUTPUT/test/mtmr0_sx133.pickle,mtmr0,mtmr0,1
/home/qmh/Projects/Datasets/TIMIT_M/TIMIT_OUTPUT/test/mdwk0_sx370.pickle,mdwk0,mdwk0,1
/home/qmh/Projects/Datasets/TIMIT_M/TIMIT_OUTPUT/test/fkms0_sx230.pickle,fkms0,fkms0,1
/home/qmh/Projects/Datasets/TIMIT_M/TIMIT_OUTPUT/test/mmab0_sx372.pickle,mmab0,mmab0,1
/home/qmh/Projects/Datasets/TIMIT_M/TIMIT_OUTPUT/test/fjsj0_sx44.pickle,fjsj0,fjsj0,1
/home/qmh/Projects/Datasets/TIMIT_M/TIMIT_OUTPUT/test/mdlf0_sx53.pickle,mdlf0,mdlf0,1
/home/qmh/Projects/Datasets/TIMIT_M/TIMIT_OUTPUT/test/frng0_sx275.pickle,frng0,frng0,1
/home/qmh/Projects/Datasets/TIMIT_M/TIMIT_OUTPUT/test/mres0_sx317.pickle,mres0,mres0,1
/home/qmh/Projects/Datasets/TIMIT_M/TIMIT_OUTPUT/test/mdlf0_sx323.pickle,mdlf0,mdlf0,1
/home/qmh/Projects/Datasets/TIMIT_M/TIMIT_OUTPUT/test/mhpg0_sx280.pickle,mhpg0,mhpg0,1
/home/qmh/Projects/Datasets/TIMIT_M/TIMIT_OUTPUT/test/mdrm0_sx293.pickle,mdrm0,mdrm0,1
/home/qmh/Projects/Datasets/TIMIT_M/TIMIT_OUTPUT/test/fhew0_sx403.pickle,fhew0,fhew0,1
/home/qmh/Projects/Datasets/TIMIT_M/TIMIT_OUTPUT/test/mroa0_sx317.pickle,mroa0,mroa0,1
/home/qmh/Projects/Datasets/TIMIT_M/TIMIT_OUTPUT/test/fmld0_sx115.pickle,fmld0,fmld0,1
/home/qmh/Projects/Datasets/TIMIT_M/TIMIT_OUTPUT/test/mrgg0_sx119.pickle,mrgg0,mrgg0,1
/home/qmh/Projects/Datasets/TIMIT_M/TIMIT_OUTPUT/test/mdac2_sx369.pickle,mdac2,mdac2,1
/home/qmh/Projects/Datasets/TIMIT_M/TIMIT_OUTPUT/test/mcmb0_sx188.pickle,mcmb0,mcmb0,1
/home/qmh/Projects/Datasets/TIMIT_M/TIMIT_OUTPUT/test/mnjm0_sx410.pickle,mnjm0,mnjm0,1
/home/qmh/Projects/Datasets/TIMIT_M/TIMIT_OUTPUT/test/mmwh0_sx369.pickle,mmwh0,mmwh0,1
/home/qmh/Projects/Datasets/TIMIT_M/TIMIT_OUTPUT/test/flnh0_sx224.pickle,flnh0,flnh0,1
/home/qmh/Projects/Datasets/TIMIT_M/TIMIT_OUTPUT/test/mnls0_sx313.pickle,mnls0,mnls0,1
/home/qmh/Projects/Datasets/TIMIT_M/TIMIT_OUTPUT/test/mdwa0_sx365.pickle,mdwa0,mdwa0,1
/home/qmh/Projects/Datasets/TIMIT_M/TIMIT_OUTPUT/test/fslb1_sx194.pickle,fslb1,fslb1,1
/home/qmh/Projects/Datasets/TIMIT_M/TIMIT_OUTPUT/test/mcsh0_sx289.pickle,mcsh0,mcsh0,1
/home/qmh/Projects/Datasets/TIMIT_M/TIMIT_OUTPUT/test/mbjk0_sx185.pickle,mbjk0,mbjk0,1
/home/qmh/Projects/Datasets/TIMIT_M/TIMIT_OUTPUT/test/mjln0_sx189.pickle,mjln0,mjln0,1
/home/qmh/Projects/Datasets/TIMIT_M/TIMIT_OUTPUT/test/mrms1_sx227.pickle,mrms1,mrms1,1
/home/qmh/Projects/Datasets/TIMIT_M/TIMIT_OUTPUT/test/mkcl0_sx11.pickle,mkcl0,mkcl0,1
/home/qmh/Projects/Datasets/TIMIT_M/TIMIT_OUTPUT/test/fdrd1_sx194.pickle,fdrd1,fdrd1,1
/home/qmh/Projects/Datasets/TIMIT_M/TIMIT_OUTPUT/test/mgwt0_sx189.pickle,mgwt0,mgwt0,1
/home/qmh/Projects/Datasets/TIMIT_M/TIMIT_OUTPUT/test/mrjs0_sx94.pickle,mrjs0,mrjs0,1
/home/qmh/Projects/Datasets/TIMIT_M/TIMIT_OUTPUT/test/mjfc0_sx223.pickle,mjfc0,mjfc0,1
/home/qmh/Projects/Datasets/TIMIT_M/TIMIT_OUTPUT/test/mgwt0_sx9.pickle,fnmr0,mgwt0,0
/home/qmh/Projects/Datasets/TIMIT_M/TIMIT_OUTPUT/test/mfgk0_sx304.pickle,mfgk0,mfgk0,1
/home/qmh/Projects/Datasets/TIMIT_M/TIMIT_OUTPUT/test/fasw0_sx110.pickle,fasw0,fasw0,1
/home/qmh/Projects/Datasets/TIMIT_M/TIMIT_OUTPUT/test/mljb0_sx50.pickle,mljb0,mljb0,1
/home/qmh/Projects/Datasets/TIMIT_M/TIMIT_OUTPUT/test/fcmh1_sx53.pickle,fcmh1,fcmh1,1
/home/qmh/Projects/Datasets/TIMIT_M/TIMIT_OUTPUT/test/mmdb1_sx275.pickle,mmdb1,mmdb1,1
/home/qmh/Projects/Datasets/TIMIT_M/TIMIT_OUTPUT/test/mgrt0_sx10.pickle,mgrt0,mgrt0,1
/home/qmh/Projects/Datasets/TIMIT_M/TIMIT_OUTPUT/test/mres0_sx407.pickle,mres0,mres0,1
/home/qmh/Projects/Datasets/TIMIT_M/TIMIT_OUTPUT/test/mnls0_sx223.pickle,mnls0,mnls0,1
/home/qmh/Projects/Datasets/TIMIT_M/TIMIT_OUTPUT/test/mmdh0_sx216.pickle,mmdh0,mmdh0,1
/home/qmh/Projects/Datasets/TIMIT_M/TIMIT_OUTPUT/test/mmdh0_sx396.pickle,mmdh0,mmdh0,1
/home/qmh/Projects/Datasets/TIMIT_M/TIMIT_OUTPUT/test/mjbr0_sx11.pickle,mrcz0,mjbr0,0
/home/qmh/Projects/Datasets/TIMIT_M/TIMIT_OUTPUT/test/mjth0_sx126.pickle,mjth0,mjth0,1
/home/qmh/Projects/Datasets/TIMIT_M/TIMIT_OUTPUT/test/frng0_sx5.pickle,frng0,frng0,1
/home/qmh/Projects/Datasets/TIMIT_M/TIMIT_OUTPUT/test/mabw0_sx134.pickle,mabw0,mabw0,1
/home/qmh/Projects/Datasets/TIMIT_M/TIMIT_OUTPUT/test/fmaf0_sx199.pickle,fmaf0,fmaf0,1
/home/qmh/Projects/Datasets/TIMIT_M/TIMIT_OUTPUT/test/fjmg0_sx191.pickle,fjmg0,fjmg0,1
/home/qmh/Projects/Datasets/TIMIT_M/TIMIT_OUTPUT/test/mpcs0_sx99.pickle,mpcs0,mpcs0,1
/home/qmh/Projects/Datasets/TIMIT_M/TIMIT_OUTPUT/test/fgwr0_sx408.pickle,fgwr0,fgwr0,1
/home/qmh/Projects/Datasets/TIMIT_M/TIMIT_OUTPUT/test/flkd0_sx199.pickle,flkd0,flkd0,1
/home/qmh/Projects/Datasets/TIMIT_M/TIMIT_OUTPUT/test/mwvw0_sx36.pickle,mwvw0,mwvw0,1
/home/qmh/Projects/Datasets/TIMIT_M/TIMIT_OUTPUT/test/mrjs0_sx4.pickle,mrjs0,mrjs0,1
/home/qmh/Projects/Datasets/TIMIT_M/TIMIT_OUTPUT/test/mbjk0_sx95.pickle,mbjk0,mbjk0,1
/home/qmh/Projects/Datasets/TIMIT_M/TIMIT_OUTPUT/test/fjre0_sx126.pickle,fjre0,fjre0,1
/home/qmh/Projects/Datasets/TIMIT_M/TIMIT_OUTPUT/test/fkms0_sx50.pickle,fkms0,fkms0,1
/home/qmh/Projects/Datasets/TIMIT_M/TIMIT_OUTPUT/test/mrcz0_sx11.pickle,mrcz0,mrcz0,1
/home/qmh/Projects/Datasets/TIMIT_M/TIMIT_OUTPUT/test/mmwh0_sx189.pickle,mmwh0,mmwh0,1
/home/qmh/Projects/Datasets/TIMIT_M/TIMIT_OUTPUT/test/mjtc0_sx290.pickle,mjtc0,mjtc0,1
/home/qmh/Projects/Datasets/TIMIT_M/TIMIT_OUTPUT/test/mrjm3_sx278.pickle,mrjm3,mrjm3,1
/home/qmh/Projects/Datasets/TIMIT_M/TIMIT_OUTPUT/test/mpdf0_sx372.pickle,mpdf0,mpdf0,1
/home/qmh/Projects/Datasets/TIMIT_M/TIMIT_OUTPUT/test/fhes0_sx29.pickle,fhes0,fhes0,1
/home/qmh/Projects/Datasets/TIMIT_M/TIMIT_OUTPUT/test/fjsj0_sx314.pickle,fjsj0,fjsj0,1
/home/qmh/Projects/Datasets/TIMIT_M/TIMIT_OUTPUT/test/mjvw0_sx203.pickle,mjvw0,mjvw0,1
/home/qmh/Projects/Datasets/TIMIT_M/TIMIT_OUTPUT/test/mklt0_sx43.pickle,mklt0,mklt0,1
/home/qmh/Projects/Datasets/TIMIT_M/TIMIT_OUTPUT/test/mpab0_sx408.pickle,mpab0,mpab0,1
/home/qmh/Projects/Datasets/TIMIT_M/TIMIT_OUTPUT/test/fjre0_sx396.pickle,fjre0,fjre0,1
/home/qmh/Projects/Datasets/TIMIT_M/TIMIT_OUTPUT/test/mkjl0_sx200.pickle,mkjl0,mkjl0,1
/home/qmh/Projects/Datasets/TIMIT_M/TIMIT_OUTPUT/test/fcal1_sx323.pickle,fcal1,fcal1,1
/home/qmh/Projects/Datasets/TIMIT_M/TIMIT_OUTPUT/test/mdld0_sx13.pickle,mdld0,mdld0,1
/home/qmh/Projects/Datasets/TIMIT_M/TIMIT_OUTPUT/test/fmld0_sx385.pickle,fmld0,fmld0,1
/home/qmh/Projects/Datasets/TIMIT_M/TIMIT_OUTPUT/test/fasw0_sx290.pickle,fasw0,fasw0,1
/home/qmh/Projects/Datasets/TIMIT_M/TIMIT_OUTPUT/test/fmaf0_sx379.pickle,fmaf0,fmaf0,1
/home/qmh/Projects/Datasets/TIMIT_M/TIMIT_OUTPUT/test/mmjr0_sx118.pickle,mmjr0,mmjr0,1
/home/qmh/Projects/Datasets/TIMIT_M/TIMIT_OUTPUT/test/fcrh0_sx188.pickle,fcrh0,fcrh0,1
/home/qmh/Projects/Datasets/TIMIT_M/TIMIT_OUTPUT/test/mrko0_sx47.pickle,mrko0,mrko0,1
/home/qmh/Projects/Datasets/TIMIT_M/TIMIT_OUTPUT/test/mgjf0_sx371.pickle,mgjf0,mgjf0,1
/home/qmh/Projects/Datasets/TIMIT_M/TIMIT_OUTPUT/test/mjfc0_sx313.pickle,mdrm0,mjfc0,0
/home/qmh/Projects/Datasets/TIMIT_M/TIMIT_OUTPUT/test/mdwa0_sx185.pickle,mdwa0,mdwa0,1
/home/qmh/Projects/Datasets/TIMIT_M/TIMIT_OUTPUT/test/mpdf0_sx282.pickle,mpdf0,mpdf0,1
/home/qmh/Projects/Datasets/TIMIT_M/TIMIT_OUTPUT/test/fpkt0_sx278.pickle,fpkt0,fpkt0,1
/home/qmh/Projects/Datasets/TIMIT_M/TIMIT_OUTPUT/test/mdac2_sx9.pickle,mdac2,mdac2,1
/home/qmh/Projects/Datasets/TIMIT_M/TIMIT_OUTPUT/test/fisb0_sx139.pickle,fisb0,fisb0,1
/home/qmh/Projects/Datasets/TIMIT_M/TIMIT_OUTPUT/test/fisb0_sx49.pickle,fisb0,fisb0,1
/home/qmh/Projects/Datasets/TIMIT_M/TIMIT_OUTPUT/test/mchh0_sx104.pickle,mchh0,mchh0,1
/home/qmh/Projects/Datasets/TIMIT_M/TIMIT_OUTPUT/test/mbpm0_sx47.pickle,mbpm0,mbpm0,1
/home/qmh/Projects/Datasets/TIMIT_M/TIMIT_OUTPUT/test/mwjg0_sx224.pickle,mwjg0,mwjg0,1
/home/qmh/Projects/Datasets/TIMIT_M/TIMIT_OUTPUT/test/mmjr0_sx28.pickle,mmjr0,mmjr0,1
/home/qmh/Projects/Datasets/TIMIT_M/TIMIT_OUTPUT/test/mrpp0_sx14.pickle,mrpp0,mrpp0,1
/home/qmh/Projects/Datasets/TIMIT_M/TIMIT_OUTPUT/test/fjre0_sx306.pickle,fjre0,fjre0,1
/home/qmh/Projects/Datasets/TIMIT_M/TIMIT_OUTPUT/test/mahh0_sx214.pickle,mahh0,mahh0,1
/home/qmh/Projects/Datasets/TIMIT_M/TIMIT_OUTPUT/test/fpas0_sx134.pickle,fpas0,fpas0,1
/home/qmh/Projects/Datasets/TIMIT_M/TIMIT_OUTPUT/test/mslb0_sx293.pickle,mslb0,mslb0,1
/home/qmh/Projects/Datasets/TIMIT_M/TIMIT_OUTPUT/test/mkjl0_sx110.pickle,mkjl0,mkjl0,1
/home/qmh/Projects/Datasets/TIMIT_M/TIMIT_OUTPUT/test/mtwh0_sx20.pickle,mtwh0,mtwh0,1
/home/qmh/Projects/Datasets/TIMIT_M/TIMIT_OUTPUT/test/fadg0_sx379.pickle,fadg0,fadg0,1
/home/qmh/Projects/Datasets/TIMIT_M/TIMIT_OUTPUT/test/mroa0_sx137.pickle,mroa0,mroa0,1
/home/qmh/Projects/Datasets/TIMIT_M/TIMIT_OUTPUT/test/mpcs0_sx189.pickle,mpcs0,mpcs0,1
/home/qmh/Projects/Datasets/TIMIT_M/TIMIT_OUTPUT/test/fcau0_sx137.pickle,fcau0,fcau0,1
/home/qmh/Projects/Datasets/TIMIT_M/TIMIT_OUTPUT/test/fjem0_sx94.pickle,fnlp0,fjem0,0
/home/qmh/Projects/Datasets/TIMIT_M/TIMIT_OUTPUT/test/mchh0_sx374.pickle,mchh0,mchh0,1
/home/qmh/Projects/Datasets/TIMIT_M/TIMIT_OUTPUT/test/mtls0_sx200.pickle,mtls0,mtls0,1
/home/qmh/Projects/Datasets/TIMIT_M/TIMIT_OUTPUT/test/mccs0_sx119.pickle,mccs0,mccs0,1
/home/qmh/Projects/Datasets/TIMIT_M/TIMIT_OUTPUT/test/mjfc0_sx43.pickle,mklt0,mjfc0,0
/home/qmh/Projects/Datasets/TIMIT_M/TIMIT_OUTPUT/test/mtas1_sx208.pickle,mtas1,mtas1,1
/home/qmh/Projects/Datasets/TIMIT_M/TIMIT_OUTPUT/test/mabw0_sx314.pickle,mabw0,mabw0,1
/home/qmh/Projects/Datasets/TIMIT_M/TIMIT_OUTPUT/test/mdbb0_sx295.pickle,mdbb0,mdbb0,1
/home/qmh/Projects/Datasets/TIMIT_M/TIMIT_OUTPUT/test/mjtc0_sx20.pickle,mjtc0,mjtc0,1
/home/qmh/Projects/Datasets/TIMIT_M/TIMIT_OUTPUT/test/mcem0_sx408.pickle,mcem0,mcem0,1
/home/qmh/Projects/Datasets/TIMIT_M/TIMIT_OUTPUT/test/mpwm0_sx47.pickle,mpwm0,mpwm0,1
/home/qmh/Projects/Datasets/TIMIT_M/TIMIT_OUTPUT/test/mmab0_sx282.pickle,mmab0,mmab0,1
/home/qmh/Projects/Datasets/TIMIT_M/TIMIT_OUTPUT/test/mjdh0_sx274.pickle,mjdh0,mjdh0,1
/home/qmh/Projects/Datasets/TIMIT_M/TIMIT_OUTPUT/test/mrcs0_sx413.pickle,mrcs0,mrcs0,1
/home/qmh/Projects/Datasets/TIMIT_M/TIMIT_OUTPUT/test/mjjg0_sx193.pickle,mjjg0,mjjg0,1
/home/qmh/Projects/Datasets/TIMIT_M/TIMIT_OUTPUT/test/fasw0_sx380.pickle,fasw0,fasw0,1
/home/qmh/Projects/Datasets/TIMIT_M/TIMIT_OUTPUT/test/mrjm3_sx98.pickle,mrjm3,mrjm3,1
/home/qmh/Projects/Datasets/TIMIT_M/TIMIT_OUTPUT/test/fcmh0_sx104.pickle,fcmh0,fcmh0,1
/home/qmh/Projects/Datasets/TIMIT_M/TIMIT_OUTPUT/test/mbwm0_sx314.pickle,mbwm0,mbwm0,1
/home/qmh/Projects/Datasets/TIMIT_M/TIMIT_OUTPUT/test/mbns0_sx410.pickle,mbns0,mbns0,1
/home/qmh/Projects/Datasets/TIMIT_M/TIMIT_OUTPUT/test/mdwk0_sx190.pickle,mdwk0,mdwk0,1
/home/qmh/Projects/Datasets/TIMIT_M/TIMIT_OUTPUT/test/fsxa0_sx28.pickle,fsxa0,fsxa0,1
/home/qmh/Projects/Datasets/TIMIT_M/TIMIT_OUTPUT/test/mjln0_sx279.pickle,mjln0,mjln0,1
/home/qmh/Projects/Datasets/TIMIT_M/TIMIT_OUTPUT/test/flas0_sx318.pickle,flas0,flas0,1
/home/qmh/Projects/Datasets/TIMIT_M/TIMIT_OUTPUT/test/fjcs0_sx139.pickle,fjcs0,fjcs0,1
/home/qmh/Projects/Datasets/TIMIT_M/TIMIT_OUTPUT/test/fnmr0_sx49.pickle,fnmr0,fnmr0,1
/home/qmh/Projects/Datasets/TIMIT_M/TIMIT_OUTPUT/test/futb0_sx34.pickle,futb0,futb0,1
/home/qmh/Projects/Datasets/TIMIT_M/TIMIT_OUTPUT/test/fcmr0_sx115.pickle,fcmr0,fcmr0,1
/home/qmh/Projects/Datasets/TIMIT_M/TIMIT_OUTPUT/test/mfgk0_sx124.pickle,mfgk0,mfgk0,1
/home/qmh/Projects/Datasets/TIMIT_M/TIMIT_OUTPUT/test/mtdt0_sx274.pickle,mtdt0,mtdt0,1
/home/qmh/Projects/Datasets/TIMIT_M/TIMIT_OUTPUT/test/mbpm0_sx227.pickle,mbpm0,mbpm0,1
/home/qmh/Projects/Datasets/TIMIT_M/TIMIT_OUTPUT/test/mdld0_sx373.pickle,mdld0,mdld0,1
/home/qmh/Projects/Datasets/TIMIT_M/TIMIT_OUTPUT/test/mjsw0_sx290.pickle,mjsw0,mjsw0,1
/home/qmh/Projects/Datasets/TIMIT_M/TIMIT_OUTPUT/test/mmdh0_sx36.pickle,mmdh0,mmdh0,1
/home/qmh/Projects/Datasets/TIMIT_M/TIMIT_OUTPUT/test/mdrm0_sx203.pickle,mdrm0,mdrm0,1
/home/qmh/Projects/Datasets/TIMIT_M/TIMIT_OUTPUT/test/mreb0_sx295.pickle,mreb0,mreb0,1
/home/qmh/Projects/Datasets/TIMIT_M/TIMIT_OUTPUT/test/mnls0_sx43.pickle,mnls0,mnls0,1
/home/qmh/Projects/Datasets/TIMIT_M/TIMIT_OUTPUT/test/mjrf0_sx281.pickle,mjrf0,mjrf0,1
/home/qmh/Projects/Datasets/TIMIT_M/TIMIT_OUTPUT/test/felc0_sx126.pickle,felc0,felc0,1
/home/qmh/Projects/Datasets/TIMIT_M/TIMIT_OUTPUT/test/mjdm1_sx185.pickle,mjdm1,mjdm1,1
/home/qmh/Projects/Datasets/TIMIT_M/TIMIT_OUTPUT/test/mctt0_sx388.pickle,mctt0,mctt0,1
/home/qmh/Projects/Datasets/TIMIT_M/TIMIT_OUTPUT/test/ftlh0_sx289.pickle,ftlh0,ftlh0,1
/home/qmh/Projects/Datasets/TIMIT_M/TIMIT_OUTPUT/test/mstk0_sx124.pickle,mstk0,mstk0,1
/home/qmh/Projects/Datasets/TIMIT_M/TIMIT_OUTPUT/test/fmml0_sx140.pickle,fmml0,fmml0,1
/home/qmh/Projects/Datasets/TIMIT_M/TIMIT_OUTPUT/test/mesd0_sx192.pickle,mesd0,mesd0,1
/home/qmh/Projects/Datasets/TIMIT_M/TIMIT_OUTPUT/test/fcmh0_sx284.pickle,fcmh0,fcmh0,1
/home/qmh/Projects/Datasets/TIMIT_M/TIMIT_OUTPUT/test/mjdh0_sx4.pickle,mjdh0,mjdh0,1
/home/qmh/Projects/Datasets/TIMIT_M/TIMIT_OUTPUT/test/mkcl0_sx371.pickle,mkcl0,mkcl0,1
/home/qmh/Projects/Datasets/TIMIT_M/TIMIT_OUTPUT/test/mtaa0_sx295.pickle,mtaa0,mtaa0,1
/home/qmh/Projects/Datasets/TIMIT_M/TIMIT_OUTPUT/test/mcsh0_sx199.pickle,mcsh0,mcsh0,1
/home/qmh/Projects/Datasets/TIMIT_M/TIMIT_OUTPUT/test/fedw0_sx184.pickle,fedw0,fedw0,1
/home/qmh/Projects/Datasets/TIMIT_M/TIMIT_OUTPUT/test/mmdm2_sx282.pickle,mmdm2,mmdm2,1
/home/qmh/Projects/Datasets/TIMIT_M/TIMIT_OUTPUT/test/mbdg0_sx203.pickle,mbdg0,mbdg0,1
/home/qmh/Projects/Datasets/TIMIT_M/TIMIT_OUTPUT/test/mteb0_sx143.pickle,mteb0,mteb0,1
/home/qmh/Projects/Datasets/TIMIT_M/TIMIT_OUTPUT/test/fjre0_sx216.pickle,fjre0,fjre0,1
/home/qmh/Projects/Datasets/TIMIT_M/TIMIT_OUTPUT/test/fmah0_sx29.pickle,fmah0,fmah0,1
/home/qmh/Projects/Datasets/TIMIT_M/TIMIT_OUTPUT/test/mrjr0_sx102.pickle,mrjr0,mrjr0,1
/home/qmh/Projects/Datasets/TIMIT_M/TIMIT_OUTPUT/test/mahh0_sx34.pickle,mahh0,mahh0,1
/home/qmh/Projects/Datasets/TIMIT_M/TIMIT_OUTPUT/test/flnh0_sx404.pickle,flnh0,flnh0,1
/home/qmh/Projects/Datasets/TIMIT_M/TIMIT_OUTPUT/test/felc0_sx306.pickle,felc0,felc0,1
/home/qmh/Projects/Datasets/TIMIT_M/TIMIT_OUTPUT/test/mbjk0_sx5.pickle,mbjk0,mbjk0,1
/home/qmh/Projects/Datasets/TIMIT_M/TIMIT_OUTPUT/test/mcrc0_sx102.pickle,mcrc0,mcrc0,1
/home/qmh/Projects/Datasets/TIMIT_M/TIMIT_OUTPUT/test/mrpc0_sx43.pickle,mrpc0,mrpc0,1
/home/qmh/Projects/Datasets/TIMIT_M/TIMIT_OUTPUT/test/mklt0_sx133.pickle,mklt0,mklt0,1
/home/qmh/Projects/Datasets/TIMIT_M/TIMIT_OUTPUT/test/mtwh0_sx290.pickle,mtwh0,mtwh0,1
/home/qmh/Projects/Datasets/TIMIT_M/TIMIT_OUTPUT/test/mdaw1_sx373.pickle,mdaw1,mdaw1,1
/home/qmh/Projects/Datasets/TIMIT_M/TIMIT_OUTPUT/test/fcmh1_sx143.pickle,fcmh1,fcmh1,1
/home/qmh/Projects/Datasets/TIMIT_M/TIMIT_OUTPUT/test/mmdh0_sx126.pickle,mmdh0,mmdh0,1
/home/qmh/Projects/Datasets/TIMIT_M/TIMIT_OUTPUT/test/fhes0_sx389.pickle,fhes0,fhes0,1
/home/qmh/Projects/Datasets/TIMIT_M/TIMIT_OUTPUT/test/mers0_sx119.pickle,mers0,mers0,1
/home/qmh/Projects/Datasets/TIMIT_M/TIMIT_OUTPUT/test/mrko0_sx317.pickle,mrko0,mrko0,1
/home/qmh/Projects/Datasets/TIMIT_M/TIMIT_OUTPUT/test/mlih0_sx373.pickle,mlih0,mlih0,1
/home/qmh/Projects/Datasets/TIMIT_M/TIMIT_OUTPUT/test/flbw0_sx229.pickle,flbw0,flbw0,1
/home/qmh/Projects/Datasets/TIMIT_M/TIMIT_OUTPUT/test/mgwt0_sx369.pickle,mdld0,mgwt0,0
/home/qmh/Projects/Datasets/TIMIT_M/TIMIT_OUTPUT/test/mctw0_sx23.pickle,mctw0,mctw0,1
/home/qmh/Projects/Datasets/TIMIT_M/TIMIT_OUTPUT/test/fcal1_sx143.pickle,fcal1,fcal1,1
/home/qmh/Projects/Datasets/TIMIT_M/TIMIT_OUTPUT/test/fdrw0_sx23.pickle,fdrw0,fdrw0,1
/home/qmh/Projects/Datasets/TIMIT_M/TIMIT_OUTPUT/test/mmdb1_sx365.pickle,mmdb1,mmdb1,1
/home/qmh/Projects/Datasets/TIMIT_M/TIMIT_OUTPUT/test/mtas1_sx388.pickle,mtas1,mtas1,1
/home/qmh/Projects/Datasets/TIMIT_M/TIMIT_OUTPUT/test/mrjs0_sx364.pickle,mrjs0,mrjs0,1
/home/qmh/Projects/Datasets/TIMIT_M/TIMIT_OUTPUT/test/fdrd1_sx284.pickle,fdrd1,fdrd1,1
/home/qmh/Projects/Datasets/TIMIT_M/TIMIT_OUTPUT/test/mdsc0_sx138.pickle,mdsc0,mdsc0,1
/home/qmh/Projects/Datasets/TIMIT_M/TIMIT_OUTPUT/test/fjem0_sx274.pickle,fjem0,fjem0,1
/home/qmh/Projects/Datasets/TIMIT_M/TIMIT_OUTPUT/test/mcem0_sx318.pickle,mcem0,mcem0,1
/home/qmh/Projects/Datasets/TIMIT_M/TIMIT_OUTPUT/test/mccs0_sx209.pickle,mccs0,mccs0,1
/home/qmh/Projects/Datasets/TIMIT_M/TIMIT_OUTPUT/test/mgrt0_sx280.pickle,mgrt0,mgrt0,1
/home/qmh/Projects/Datasets/TIMIT_M/TIMIT_OUTPUT/test/fkms0_sx140.pickle,fgwr0,fkms0,0
/home/qmh/Projects/Datasets/TIMIT_M/TIMIT_OUTPUT/test/mjvw0_sx383.pickle,mjvw0,mjvw0,1
/home/qmh/Projects/Datasets/TIMIT_M/TIMIT_OUTPUT/test/fjem0_sx4.pickle,fjem0,fjem0,1
/home/qmh/Projects/Datasets/TIMIT_M/TIMIT_OUTPUT/test/mahh0_sx394.pickle,mahh0,mahh0,1
/home/qmh/Projects/Datasets/TIMIT_M/TIMIT_OUTPUT/test/mlll0_sx283.pickle,mlll0,mlll0,1
/home/qmh/Projects/Datasets/TIMIT_M/TIMIT_OUTPUT/test/fcau0_sx227.pickle,fcau0,fcau0,1
/home/qmh/Projects/Datasets/TIMIT_M/TIMIT_OUTPUT/test/fkms0_sx320.pickle,fkms0,fkms0,1
/home/qmh/Projects/Datasets/TIMIT_M/TIMIT_OUTPUT/test/mcem0_sx138.pickle,mcem0,mcem0,1
/home/qmh/Projects/Datasets/TIMIT_M/TIMIT_OUTPUT/test/mabw0_sx404.pickle,mabw0,mabw0,1
/home/qmh/Projects/Datasets/TIMIT_M/TIMIT_OUTPUT/test/mcrc0_sx372.pickle,mcrc0,mcrc0,1
/home/qmh/Projects/Datasets/TIMIT_M/TIMIT_OUTPUT/test/mrtk0_sx13.pickle,mrtk0,mrtk0,1
/home/qmh/Projects/Datasets/TIMIT_M/TIMIT_OUTPUT/test/mgjf0_sx281.pickle,mgjf0,mgjf0,1
/home/qmh/Projects/Datasets/TIMIT_M/TIMIT_OUTPUT/test/mcmb0_sx278.pickle,mcmb0,mcmb0,1
/home/qmh/Projects/Datasets/TIMIT_M/TIMIT_OUTPUT/test/fcmr0_sx295.pickle,fcmr0,fcmr0,1
/home/qmh/Projects/Datasets/TIMIT_M/TIMIT_OUTPUT/test/mroa0_sx47.pickle,mroa0,mroa0,1
/home/qmh/Projects/Datasets/TIMIT_M/TIMIT_OUTPUT/test/mrpc0_sx133.pickle,mrpc0,mrpc0,1
/home/qmh/Projects/Datasets/TIMIT_M/TIMIT_OUTPUT/test/mlih0_sx193.pickle,mlih0,mlih0,1
/home/qmh/Projects/Datasets/TIMIT_M/TIMIT_OUTPUT/test/mdwk0_sx100.pickle,mdwk0,mdwk0,1
/home/qmh/Projects/Datasets/TIMIT_M/TIMIT_OUTPUT/test/mtmr0_sx313.pickle,mtmr0,mtmr0,1
/home/qmh/Projects/Datasets/TIMIT_M/TIMIT_OUTPUT/test/mbwm0_sx134.pickle,mbwm0,mbwm0,1
/home/qmh/Projects/Datasets/TIMIT_M/TIMIT_OUTPUT/test/mdvc0_sx396.pickle,mdvc0,mdvc0,1
/home/qmh/Projects/Datasets/TIMIT_M/TIMIT_OUTPUT/test/mtwh0_sx200.pickle,mtwh0,mtwh0,1
/home/qmh/Projects/Datasets/TIMIT_M/TIMIT_OUTPUT/test/flas0_sx138.pickle,flas0,flas0,1
/home/qmh/Projects/Datasets/TIMIT_M/TIMIT_OUTPUT/test/fdrw0_sx383.pickle,fdrw0,fdrw0,1
/home/qmh/Projects/Datasets/TIMIT_M/TIMIT_OUTPUT/test/fadg0_sx289.pickle,fadg0,fadg0,1
/home/qmh/Projects/Datasets/TIMIT_M/TIMIT_OUTPUT/test/mrcz0_sx281.pickle,mrcz0,mrcz0,1
/home/qmh/Projects/Datasets/TIMIT_M/TIMIT_OUTPUT/test/fjsj0_sx134.pickle,fjsj0,fjsj0,1
/home/qmh/Projects/Datasets/TIMIT_M/TIMIT_OUTPUT/test/fsem0_sx208.pickle,fsem0,fsem0,1
/home/qmh/Projects/Datasets/TIMIT_M/TIMIT_OUTPUT/test/mtdt0_sx364.pickle,mtdt0,mtdt0,1
/home/qmh/Projects/Datasets/TIMIT_M/TIMIT_OUTPUT/test/mjes0_sx34.pickle,mjes0,mjes0,1
/home/qmh/Projects/Datasets/TIMIT_M/TIMIT_OUTPUT/test/mrcs0_sx323.pickle,mrcs0,mrcs0,1
/home/qmh/Projects/Datasets/TIMIT_M/TIMIT_OUTPUT/test/fmcm0_sx100.pickle,fmcm0,fmcm0,1
/home/qmh/Projects/Datasets/TIMIT_M/TIMIT_OUTPUT/test/fnlp0_sx408.pickle,fnlp0,fnlp0,1
/home/qmh/Projects/Datasets/TIMIT_M/TIMIT_OUTPUT/test/mdsc0_sx48.pickle,mdsc0,mdsc0,1
/home/qmh/Projects/Datasets/TIMIT_M/TIMIT_OUTPUT/test/mlll0_sx193.pickle,mlll0,mlll0,1
/home/qmh/Projects/Datasets/TIMIT_M/TIMIT_OUTPUT/test/mccs0_sx29.pickle,mccs0,mccs0,1
/home/qmh/Projects/Datasets/TIMIT_M/TIMIT_OUTPUT/test/mjth0_sx36.pickle,mjth0,mjth0,1
/home/qmh/Projects/Datasets/TIMIT_M/TIMIT_OUTPUT/test/mdrb0_sx4.pickle,mdrb0,mdrb0,1
/home/qmh/Projects/Datasets/TIMIT_M/TIMIT_OUTPUT/test/fnmr0_sx139.pickle,fnmr0,fnmr0,1
/home/qmh/Projects/Datasets/TIMIT_M/TIMIT_OUTPUT/test/mtas1_sx298.pickle,mtas1,mtas1,1
/home/qmh/Projects/Datasets/TIMIT_M/TIMIT_OUTPUT/test/mtas1_sx28.pickle,mtas1,mtas1,1
/home/qmh/Projects/Datasets/TIMIT_M/TIMIT_OUTPUT/test/mfgk0_sx394.pickle,mfgk0,mfgk0,1
/home/qmh/Projects/Datasets/TIMIT_M/TIMIT_OUTPUT/test/fnlp0_sx228.pickle,fnlp0,fnlp0,1
/home/qmh/Projects/Datasets/TIMIT_M/TIMIT_OUTPUT/test/mklt0_sx223.pickle,mklt0,mklt0,1
/home/qmh/Projects/Datasets/TIMIT_M/TIMIT_OUTPUT/test/mthc0_sx205.pickle,mthc0,mthc0,1
/home/qmh/Projects/Datasets/TIMIT_M/TIMIT_OUTPUT/test/mpgl0_sx379.pickle,mpgl0,mpgl0,1
/home/qmh/Projects/Datasets/TIMIT_M/TIMIT_OUTPUT/test/fsxa0_sx118.pickle,fsxa0,fsxa0,1
/home/qmh/Projects/Datasets/TIMIT_M/TIMIT_OUTPUT/test/fdrw0_sx293.pickle,fdrw0,fdrw0,1
/home/qmh/Projects/Datasets/TIMIT_M/TIMIT_OUTPUT/test/mjmp0_sx185.pickle,mjmp0,mjmp0,1
/home/qmh/Projects/Datasets/TIMIT_M/TIMIT_OUTPUT/test/mdvc0_sx306.pickle,mdvc0,mdvc0,1
/home/qmh/Projects/Datasets/TIMIT_M/TIMIT_OUTPUT/test/mrjm4_sx49.pickle,mrjm4,mrjm4,1
/home/qmh/Projects/Datasets/TIMIT_M/TIMIT_OUTPUT/test/mrcz0_sx371.pickle,mrcz0,mrcz0,1
/home/qmh/Projects/Datasets/TIMIT_M/TIMIT_OUTPUT/test/mpam1_sx306.pickle,mpam1,mpam1,1
/home/qmh/Projects/Datasets/TIMIT_M/TIMIT_OUTPUT/test/fmcm0_sx370.pickle,fmcm0,fmcm0,1
/home/qmh/Projects/Datasets/TIMIT_M/TIMIT_OUTPUT/test/fgmd0_sx233.pickle,fgmd0,fgmd0,1
/home/qmh/Projects/Datasets/TIMIT_M/TIMIT_OUTPUT/test/ftlh0_sx19.pickle,ftlh0,ftlh0,1
/home/qmh/Projects/Datasets/TIMIT_M/TIMIT_OUTPUT/test/fjmg0_sx281.pickle,fjmg0,fjmg0,1
/home/qmh/Projects/Datasets/TIMIT_M/TIMIT_OUTPUT/test/mglb0_sx4.pickle,mglb0,mglb0,1
/home/qmh/Projects/Datasets/TIMIT_M/TIMIT_OUTPUT/test/fsem0_sx298.pickle,fsem0,fsem0,1
/home/qmh/Projects/Datasets/TIMIT_M/TIMIT_OUTPUT/test/fslb1_sx104.pickle,fslb1,fslb1,1
/home/qmh/Projects/Datasets/TIMIT_M/TIMIT_OUTPUT/test/fgwr0_sx48.pickle,fgwr0,fgwr0,1
/home/qmh/Projects/Datasets/TIMIT_M/TIMIT_OUTPUT/test/mdlf0_sx413.pickle,mdlf0,mdlf0,1
/home/qmh/Projects/Datasets/TIMIT_M/TIMIT_OUTPUT/test/mkch0_sx208.pickle,mkch0,mkch0,1
/home/qmh/Projects/Datasets/TIMIT_M/TIMIT_OUTPUT/test/fjsj0_sx404.pickle,fjsj0,fjsj0,1
/home/qmh/Projects/Datasets/TIMIT_M/TIMIT_OUTPUT/test/flnh0_sx44.pickle,flnh0,flnh0,1
/home/qmh/Projects/Datasets/TIMIT_M/TIMIT_OUTPUT/test/mcsh0_sx19.pickle,mcsh0,mcsh0,1
/home/qmh/Projects/Datasets/TIMIT_M/TIMIT_OUTPUT/test/mtaa0_sx205.pickle,mtaa0,mtaa0,1
/home/qmh/Projects/Datasets/TIMIT_M/TIMIT_OUTPUT/test/mers0_sx209.pickle,mers0,mers0,1
/home/qmh/Projects/Datasets/TIMIT_M/TIMIT_OUTPUT/test/fpas0_sx44.pickle,flbw0,fpas0,0
/home/qmh/Projects/Datasets/TIMIT_M/TIMIT_OUTPUT/test/fmgd0_sx124.pickle,fmgd0,fmgd0,1
/home/qmh/Projects/Datasets/TIMIT_M/TIMIT_OUTPUT/test/mkdr0_sx193.pickle,mkdr0,mkdr0,1
/home/qmh/Projects/Datasets/TIMIT_M/TIMIT_OUTPUT/test/mglb0_sx94.pickle,mglb0,mglb0,1
/home/qmh/Projects/Datasets/TIMIT_M/TIMIT_OUTPUT/test/fsxa0_sx388.pickle,fsxa0,fsxa0,1
/home/qmh/Projects/Datasets/TIMIT_M/TIMIT_OUTPUT/test/flnh0_sx134.pickle,flnh0,flnh0,1
/home/qmh/Projects/Datasets/TIMIT_M/TIMIT_OUTPUT/test/mrtk0_sx373.pickle,mrtk0,mrtk0,1
/home/qmh/Projects/Datasets/TIMIT_M/TIMIT_OUTPUT/test/mjvw0_sx23.pickle,mjvw0,mjvw0,1
/home/qmh/Projects/Datasets/TIMIT_M/TIMIT_OUTPUT/test/fram1_sx370.pickle,fram1,fram1,1
/home/qmh/Projects/Datasets/TIMIT_M/TIMIT_OUTPUT/test/fmml0_sx410.pickle,fmml0,fmml0,1
/home/qmh/Projects/Datasets/TIMIT_M/TIMIT_OUTPUT/test/mrrk0_sx208.pickle,mrrk0,mrrk0,1
/home/qmh/Projects/Datasets/TIMIT_M/TIMIT_OUTPUT/test/msfh1_sx100.pickle,msfh1,msfh1,1
/home/qmh/Projects/Datasets/TIMIT_M/TIMIT_OUTPUT/test/mjtc0_sx200.pickle,mjtc0,mjtc0,1
/home/qmh/Projects/Datasets/TIMIT_M/TIMIT_OUTPUT/test/mrms1_sx407.pickle,mrms1,mrms1,1
/home/qmh/Projects/Datasets/TIMIT_M/TIMIT_OUTPUT/test/mjar0_sx278.pickle,mjar0,mjar0,1
/home/qmh/Projects/Datasets/TIMIT_M/TIMIT_OUTPUT/test/fcrh0_sx278.pickle,fcrh0,fcrh0,1
/home/qmh/Projects/Datasets/TIMIT_M/TIMIT_OUTPUT/test/fawf0_sx10.pickle,fawf0,fawf0,1
/home/qmh/Projects/Datasets/TIMIT_M/TIMIT_OUTPUT/test/fjsa0_sx119.pickle,fjsa0,fjsa0,1
/home/qmh/Projects/Datasets/TIMIT_M/TIMIT_OUTPUT/test/mtls0_sx290.pickle,mtls0,mtls0,1
/home/qmh/Projects/Datasets/TIMIT_M/TIMIT_OUTPUT/test/mmdm2_sx192.pickle,mmdm2,mmdm2,1
/home/qmh/Projects/Datasets/TIMIT_M/TIMIT_OUTPUT/test/fhew0_sx223.pickle,fhew0,fhew0,1
/home/qmh/Projects/Datasets/TIMIT_M/TIMIT_OUTPUT/test/fcrh0_sx8.pickle,fcrh0,fcrh0,1
/home/qmh/Projects/Datasets/TIMIT_M/TIMIT_OUTPUT/test/fgjd0_sx99.pickle,fgjd0,fgjd0,1
/home/qmh/Projects/Datasets/TIMIT_M/TIMIT_OUTPUT/test/mpdf0_sx102.pickle,mpdf0,mpdf0,1
/home/qmh/Projects/Datasets/TIMIT_M/TIMIT_OUTPUT/test/mrtk0_sx193.pickle,mrtk0,mrtk0,1
/home/qmh/Projects/Datasets/TIMIT_M/TIMIT_OUTPUT/test/msjs1_sx189.pickle,msjs1,msjs1,1
/home/qmh/Projects/Datasets/TIMIT_M/TIMIT_OUTPUT/test/mtls0_sx20.pickle,fdac1,mtls0,0
/home/qmh/Projects/Datasets/TIMIT_M/TIMIT_OUTPUT/test/mwbt0_sx383.pickle,mwbt0,mwbt0,1
/home/qmh/Projects/Datasets/TIMIT_M/TIMIT_OUTPUT/test/mmab0_sx12.pickle,mmab0,mmab0,1
/home/qmh/Projects/Datasets/TIMIT_M/TIMIT_OUTPUT/test/mslb0_sx113.pickle,mslb0,mslb0,1
/home/qmh/Projects/Datasets/TIMIT_M/TIMIT_OUTPUT/test/mlnt0_sx12.pickle,mlnt0,mlnt0,1
/home/qmh/Projects/Datasets/TIMIT_M/TIMIT_OUTPUT/test/mrrk0_sx28.pickle,mrrk0,mrrk0,1
/home/qmh/Projects/Datasets/TIMIT_M/TIMIT_OUTPUT/test/mdsc0_sx408.pickle,mdsc0,mdsc0,1
/home/qmh/Projects/Datasets/TIMIT_M/TIMIT_OUTPUT/test/mpdf0_sx12.pickle,mpdf0,mpdf0,1
/home/qmh/Projects/Datasets/TIMIT_M/TIMIT_OUTPUT/test/flkd0_sx109.pickle,flkd0,flkd0,1
/home/qmh/Projects/Datasets/TIMIT_M/TIMIT_OUTPUT/test/fjcs0_sx229.pickle,fjcs0,fjcs0,1
/home/qmh/Projects/Datasets/TIMIT_M/TIMIT_OUTPUT/test/futb0_sx394.pickle,flas0,futb0,0
/home/qmh/Projects/Datasets/TIMIT_M/TIMIT_OUTPUT/test/mcem0_sx48.pickle,mcem0,mcem0,1
/home/qmh/Projects/Datasets/TIMIT_M/TIMIT_OUTPUT/test/fdhc0_sx209.pickle,fdhc0,fdhc0,1
/home/qmh/Projects/Datasets/TIMIT_M/TIMIT_OUTPUT/test/mctw0_sx383.pickle,mctw0,mctw0,1
/home/qmh/Projects/Datasets/TIMIT_M/TIMIT_OUTPUT/test/mcrc0_sx12.pickle,mpcs0,mcrc0,0
/home/qmh/Projects/Datasets/TIMIT_M/TIMIT_OUTPUT/test/fmld0_sx295.pickle,fmld0,fmld0,1
/home/qmh/Projects/Datasets/TIMIT_M/TIMIT_OUTPUT/test/mesd0_sx12.pickle,mesd0,mesd0,1
/home/qmh/Projects/Datasets/TIMIT_M/TIMIT_OUTPUT/test/mcrc0_sx282.pickle,mpdf0,mcrc0,0
/home/qmh/Projects/Datasets/TIMIT_M/TIMIT_OUTPUT/test/fjsa0_sx209.pickle,fjsa0,fjsa0,1
/home/qmh/Projects/Datasets/TIMIT_M/TIMIT_OUTPUT/test/flbw0_sx49.pickle,flbw0,flbw0,1
/home/qmh/Projects/Datasets/TIMIT_M/TIMIT_OUTPUT/test/mpab0_sx48.pickle,mpab0,mpab0,1
/home/qmh/Projects/Datasets/TIMIT_M/TIMIT_OUTPUT/test/mhpg0_sx190.pickle,mjdh0,mhpg0,0
/home/qmh/Projects/Datasets/TIMIT_M/TIMIT_OUTPUT/test/mmdb1_sx95.pickle,mmdb1,mmdb1,1
/home/qmh/Projects/Datasets/TIMIT_M/TIMIT_OUTPUT/test/fcmh0_sx374.pickle,fcmh0,fcmh0,1
/home/qmh/Projects/Datasets/TIMIT_M/TIMIT_OUTPUT/test/mcrc0_sx192.pickle,mcrc0,mcrc0,1
/home/qmh/Projects/Datasets/TIMIT_M/TIMIT_OUTPUT/test/mbns0_sx320.pickle,mbns0,mbns0,1
/home/qmh/Projects/Datasets/TIMIT_M/TIMIT_OUTPUT/test/mjes0_sx394.pickle,mjes0,mjes0,1
/home/qmh/Projects/Datasets/TIMIT_M/TIMIT_OUTPUT/test/mdrm0_sx23.pickle,mdrm0,mdrm0,1
/home/qmh/Projects/Datasets/TIMIT_M/TIMIT_OUTPUT/test/felc0_sx216.pickle,felc0,felc0,1
/home/qmh/Projects/Datasets/TIMIT_M/TIMIT_OUTPUT/test/mslb0_sx203.pickle,mslb0,mslb0,1
/home/qmh/Projects/Datasets/TIMIT_M/TIMIT_OUTPUT/test/mroa0_sx227.pickle,mroa0,mroa0,1
/home/qmh/Projects/Datasets/TIMIT_M/TIMIT_OUTPUT/test/mres0_sx137.pickle,mres0,mres0,1
/home/qmh/Projects/Datasets/TIMIT_M/TIMIT_OUTPUT/test/mdls0_sx188.pickle,mdls0,mdls0,1
/home/qmh/Projects/Datasets/TIMIT_M/TIMIT_OUTPUT/test/mjes0_sx124.pickle,mjes0,mjes0,1
/home/qmh/Projects/Datasets/TIMIT_M/TIMIT_OUTPUT/test/fcmh0_sx14.pickle,fcmh0,fcmh0,1
/home/qmh/Projects/Datasets/TIMIT_M/TIMIT_OUTPUT/test/fdrw0_sx203.pickle,fdrw0,fdrw0,1
/home/qmh/Projects/Datasets/TIMIT_M/TIMIT_OUTPUT/test/mrpc0_sx313.pickle,mrpc0,mrpc0,1
/home/qmh/Projects/Datasets/TIMIT_M/TIMIT_OUTPUT/test/mrjm3_sx188.pickle,mrjm3,mrjm3,1
/home/qmh/Projects/Datasets/TIMIT_M/TIMIT_OUTPUT/test/fmah0_sx299.pickle,fmah0,fmah0,1
/home/qmh/Projects/Datasets/TIMIT_M/TIMIT_OUTPUT/test/mdaw1_sx103.pickle,mdaw1,mdaw1,1
/home/qmh/Projects/Datasets/TIMIT_M/TIMIT_OUTPUT/test/fpkt0_sx368.pickle,fpkt0,fpkt0,1
/home/qmh/Projects/Datasets/TIMIT_M/TIMIT_OUTPUT/test/mjfc0_sx133.pickle,mjfc0,mjfc0,1
/home/qmh/Projects/Datasets/TIMIT_M/TIMIT_OUTPUT/test/mplb0_sx224.pickle,mplb0,mplb0,1
/home/qmh/Projects/Datasets/TIMIT_M/TIMIT_OUTPUT/test/fgmd0_sx143.pickle,fgmd0,fgmd0,1
/home/qmh/Projects/Datasets/TIMIT_M/TIMIT_OUTPUT/test/fmld0_sx25.pickle,fmld0,fmld0,1
/home/qmh/Projects/Datasets/TIMIT_M/TIMIT_OUTPUT/test/mrcs0_sx233.pickle,mrcs0,mrcs0,1
/home/qmh/Projects/Datasets/TIMIT_M/TIMIT_OUTPUT/test/fcft0_sx98.pickle,fcft0,fcft0,1
/home/qmh/Projects/Datasets/TIMIT_M/TIMIT_OUTPUT/test/mchh0_sx284.pickle,mchh0,mchh0,1
/home/qmh/Projects/Datasets/TIMIT_M/TIMIT_OUTPUT/test/mgmm0_sx139.pickle,mgmm0,mgmm0,1
/home/qmh/Projects/Datasets/TIMIT_M/TIMIT_OUTPUT/test/mbdg0_sx383.pickle,mbdg0,mbdg0,1
/home/qmh/Projects/Datasets/TIMIT_M/TIMIT_OUTPUT/test/mdab0_sx319.pickle,mdab0,mdab0,1
/home/qmh/Projects/Datasets/TIMIT_M/TIMIT_OUTPUT/test/fgjd0_sx9.pickle,fcau0,fgjd0,0
/home/qmh/Projects/Datasets/TIMIT_M/TIMIT_OUTPUT/test/fgjd0_sx369.pickle,fgjd0,fgjd0,1
/home/qmh/Projects/Datasets/TIMIT_M/TIMIT_OUTPUT/test/mrtk0_sx103.pickle,mrtk0,mrtk0,1
/home/qmh/Projects/Datasets/TIMIT_M/TIMIT_OUTPUT/test/mljb0_sx410.pickle,mljb0,mljb0,1
/home/qmh/Projects/Datasets/TIMIT_M/TIMIT_OUTPUT/test/mljb0_sx140.pickle,mljb0,mljb0,1
/home/qmh/Projects/Datasets/TIMIT_M/TIMIT_OUTPUT/test/mjsw0_sx200.pickle,mjsw0,mjsw0,1
/home/qmh/Projects/Datasets/TIMIT_M/TIMIT_OUTPUT/test/mdrb0_sx274.pickle,mdrb0,mdrb0,1
/home/qmh/Projects/Datasets/TIMIT_M/TIMIT_OUTPUT/test/ftlh0_sx109.pickle,fmml0,ftlh0,0
/home/qmh/Projects/Datasets/TIMIT_M/TIMIT_OUTPUT/test/mdsc0_sx318.pickle,mdsc0,mdsc0,1
/home/qmh/Projects/Datasets/TIMIT_M/TIMIT_OUTPUT/test/mdaw1_sx283.pickle,mdaw1,mdaw1,1
/home/qmh/Projects/Datasets/TIMIT_M/TIMIT_OUTPUT/test/fdms0_sx408.pickle,fdms0,fdms0,1
/home/qmh/Projects/Datasets/TIMIT_M/TIMIT_OUTPUT/test/fjcs0_sx409.pickle,fjcs0,fjcs0,1
/home/qmh/Projects/Datasets/TIMIT_M/TIMIT_OUTPUT/test/mbjk0_sx365.pickle,mbjk0,mbjk0,1
/home/qmh/Projects/Datasets/TIMIT_M/TIMIT_OUTPUT/test/mers0_sx29.pickle,mers0,mers0,1
/home/qmh/Projects/Datasets/TIMIT_M/TIMIT_OUTPUT/test/fmah0_sx209.pickle,fmah0,fmah0,1
/home/qmh/Projects/Datasets/TIMIT_M/TIMIT_OUTPUT/test/mbdg0_sx23.pickle,mbdg0,mbdg0,1
/home/qmh/Projects/Datasets/TIMIT_M/TIMIT_OUTPUT/test/mnls0_sx133.pickle,mnls0,mnls0,1
/home/qmh/Projects/Datasets/TIMIT_M/TIMIT_OUTPUT/test/mctt0_sx118.pickle,mctt0,mctt0,1
/home/qmh/Projects/Datasets/TIMIT_M/TIMIT_OUTPUT/test/mjmp0_sx365.pickle,mjmp0,mjmp0,1
/home/qmh/Projects/Datasets/TIMIT_M/TIMIT_OUTPUT/test/mdld0_sx283.pickle,mdld0,mdld0,1
/home/qmh/Projects/Datasets/TIMIT_M/TIMIT_OUTPUT/test/mrcs0_sx53.pickle,mrcs0,mrcs0,1
/home/qmh/Projects/Datasets/TIMIT_M/TIMIT_OUTPUT/test/frew0_sx20.pickle,fdms0,frew0,0
/home/qmh/Projects/Datasets/TIMIT_M/TIMIT_OUTPUT/test/fcmh0_sx194.pickle,fcmh0,fcmh0,1
/home/qmh/Projects/Datasets/TIMIT_M/TIMIT_OUTPUT/test/fjwb0_sx5.pickle,fjwb0,fjwb0,1
/home/qmh/Projects/Datasets/TIMIT_M/TIMIT_OUTPUT/test/fjas0_sx230.pickle,fjas0,fjas0,1
/home/qmh/Projects/Datasets/TIMIT_M/TIMIT_OUTPUT/test/mrjs0_sx274.pickle,mrjs0,mrjs0,1
/home/qmh/Projects/Datasets/TIMIT_M/TIMIT_OUTPUT/test/mcmj0_sx374.pickle,mcmj0,mcmj0,1
/home/qmh/Projects/Datasets/TIMIT_M/TIMIT_OUTPUT/test/mlih0_sx103.pickle,mlih0,mlih0,1
/home/qmh/Projects/Datasets/TIMIT_M/TIMIT_OUTPUT/test/fpas0_sx224.pickle,felc0,fpas0,0
/home/qmh/Projects/Datasets/TIMIT_M/TIMIT_OUTPUT/test/mres0_sx227.pickle,mres0,mres0,1
/home/qmh/Projects/Datasets/TIMIT_M/TIMIT_OUTPUT/test/fjsa0_sx299.pickle,fjsa0,fjsa0,1
/home/qmh/Projects/Datasets/TIMIT_M/TIMIT_OUTPUT/test/fcau0_sx407.pickle,fcau0,fcau0,1
/home/qmh/Projects/Datasets/TIMIT_M/TIMIT_OUTPUT/test/fhew0_sx133.pickle,fhew0,fhew0,1
/home/qmh/Projects/Datasets/TIMIT_M/TIMIT_OUTPUT/test/faks0_sx223.pickle,faks0,faks0,1
/home/qmh/Projects/Datasets/TIMIT_M/TIMIT_OUTPUT/test/msjs1_sx279.pickle,msjs1,msjs1,1
/home/qmh/Projects/Datasets/TIMIT_M/TIMIT_OUTPUT/test/mreb0_sx25.pickle,mreb0,mreb0,1
/home/qmh/Projects/Datasets/TIMIT_M/TIMIT_OUTPUT/test/mjdh0_sx184.pickle,mjdh0,mjdh0,1
/home/qmh/Projects/Datasets/TIMIT_M/TIMIT_OUTPUT/test/mstk0_sx304.pickle,mstk0,mstk0,1
/home/qmh/Projects/Datasets/TIMIT_M/TIMIT_OUTPUT/test/msjs1_sx99.pickle,mres0,msjs1,0
/home/qmh/Projects/Datasets/TIMIT_M/TIMIT_OUTPUT/test/fgmd0_sx53.pickle,fgmd0,fgmd0,1
/home/qmh/Projects/Datasets/TIMIT_M/TIMIT_OUTPUT/test/mjln0_sx9.pickle,mkcl0,mjln0,0
/home/qmh/Projects/Datasets/TIMIT_M/TIMIT_OUTPUT/test/mjbr0_sx191.pickle,mjbr0,mjbr0,1
/home/qmh/Projects/Datasets/TIMIT_M/TIMIT_OUTPUT/test/fjwb0_sx185.pickle,fjwb0,fjwb0,1
/home/qmh/Projects/Datasets/TIMIT_M/TIMIT_OUTPUT/test/felc0_sx36.pickle,felc0,felc0,1
/home/qmh/Projects/Datasets/TIMIT_M/TIMIT_OUTPUT/test/flnh0_sx314.pickle,flnh0,flnh0,1
/home/qmh/Projects/Datasets/TIMIT_M/TIMIT_OUTPUT/test/fcmr0_sx25.pickle,fcmr0,fcmr0,1
/home/qmh/Projects/Datasets/TIMIT_M/TIMIT_OUTPUT/test/fedw0_sx364.pickle,fedw0,fedw0,1
/home/qmh/Projects/Datasets/TIMIT_M/TIMIT_OUTPUT/test/mrjo0_sx194.pickle,mrjo0,mrjo0,1
/home/qmh/Projects/Datasets/TIMIT_M/TIMIT_OUTPUT/test/fedw0_sx274.pickle,fedw0,fedw0,1
/home/qmh/Projects/Datasets/TIMIT_M/TIMIT_OUTPUT/test/faks0_sx133.pickle,faks0,faks0,1
/home/qmh/Projects/Datasets/TIMIT_M/TIMIT_OUTPUT/test/mjrf0_sx101.pickle,mjrf0,mjrf0,1
/home/qmh/Projects/Datasets/TIMIT_M/TIMIT_OUTPUT/test/mjes0_sx304.pickle,mjes0,mjes0,1
/home/qmh/Projects/Datasets/TIMIT_M/TIMIT_OUTPUT/test/mtas1_sx118.pickle,mtas1,mtas1,1
/home/qmh/Projects/Datasets/TIMIT_M/TIMIT_OUTPUT/test/mrjr0_sx282.pickle,mrjr0,mrjr0,1
/home/qmh/Projects/Datasets/TIMIT_M/TIMIT_OUTPUT/test/mtdt0_sx184.pickle,mtdt0,mtdt0,1
/home/qmh/Projects/Datasets/TIMIT_M/TIMIT_OUTPUT/test/fjas0_sx320.pickle,fjas0,fjas0,1
/home/qmh/Projects/Datasets/TIMIT_M/TIMIT_OUTPUT/test/mnjm0_sx140.pickle,mnjm0,mnjm0,1
/home/qmh/Projects/Datasets/TIMIT_M/TIMIT_OUTPUT/test/mabw0_sx44.pickle,mabw0,mabw0,1
/home/qmh/Projects/Datasets/TIMIT_M/TIMIT_OUTPUT/test/mbns0_sx140.pickle,mbns0,mbns0,1
/home/qmh/Projects/Datasets/TIMIT_M/TIMIT_OUTPUT/test/mlnt0_sx372.pickle,mlnt0,mlnt0,1
/home/qmh/Projects/Datasets/TIMIT_M/TIMIT_OUTPUT/test/mrjm4_sx409.pickle,mrjm4,mrjm4,1
/home/qmh/Projects/Datasets/TIMIT_M/TIMIT_OUTPUT/test/mdac2_sx99.pickle,mdac2,mdac2,1
/home/qmh/Projects/Datasets/TIMIT_M/TIMIT_OUTPUT/test/mlll0_sx13.pickle,mlll0,mlll0,1
/home/qmh/Projects/Datasets/TIMIT_M/TIMIT_OUTPUT/test/mrws1_sx320.pickle,mrws1,mrws1,1
/home/qmh/Projects/Datasets/TIMIT_M/TIMIT_OUTPUT/test/mbdg0_sx293.pickle,mbdg0,mbdg0,1
/home/qmh/Projects/Datasets/TIMIT_M/TIMIT_OUTPUT/test/mdvc0_sx36.pickle,mdvc0,mdvc0,1
/home/qmh/Projects/Datasets/TIMIT_M/TIMIT_OUTPUT/test/mcmj0_sx104.pickle,mcmj0,mcmj0,1
/home/qmh/Projects/Datasets/TIMIT_M/TIMIT_OUTPUT/test/mpam1_sx126.pickle,mpam1,mpam1,1
/home/qmh/Projects/Datasets/TIMIT_M/TIMIT_OUTPUT/test/fjlm0_sx323.pickle,fjlm0,fjlm0,1
/home/qmh/Projects/Datasets/TIMIT_M/TIMIT_OUTPUT/test/fasw0_sx200.pickle,fasw0,fasw0,1
/home/qmh/Projects/Datasets/TIMIT_M/TIMIT_OUTPUT/test/mpgl0_sx289.pickle,mpgl0,mpgl0,1
/home/qmh/Projects/Datasets/TIMIT_M/TIMIT_OUTPUT/test/fjsa0_sx29.pickle,fjsa0,fjsa0,1
/home/qmh/Projects/Datasets/TIMIT_M/TIMIT_OUTPUT/test/mjdh0_sx364.pickle,mjdh0,mjdh0,1
/home/qmh/Projects/Datasets/TIMIT_M/TIMIT_OUTPUT/test/mjvw0_sx113.pickle,mjvw0,mjvw0,1
/home/qmh/Projects/Datasets/TIMIT_M/TIMIT_OUTPUT/test/mlnt0_sx192.pickle,mlnt0,mlnt0,1
/home/qmh/Projects/Datasets/TIMIT_M/TIMIT_OUTPUT/test/mmwh0_sx9.pickle,mmwh0,mmwh0,1
/home/qmh/Projects/Datasets/TIMIT_M/TIMIT_OUTPUT/test/mbwm0_sx224.pickle,mbwm0,mbwm0,1
/home/qmh/Projects/Datasets/TIMIT_M/TIMIT_OUTPUT/test/fdac1_sx394.pickle,fdac1,fdac1,1
/home/qmh/Projects/Datasets/TIMIT_M/TIMIT_OUTPUT/test/mmdm2_sx12.pickle,mmdm2,mmdm2,1
/home/qmh/Projects/Datasets/TIMIT_M/TIMIT_OUTPUT/test/fmcm0_sx190.pickle,fmcm0,fmcm0,1
/home/qmh/Projects/Datasets/TIMIT_M/TIMIT_OUTPUT/test/mjtc0_sx110.pickle,mjtc0,mjtc0,1
/home/qmh/Projects/Datasets/TIMIT_M/TIMIT_OUTPUT/test/mrws1_sx50.pickle,mrws1,mrws1,1
/home/qmh/Projects/Datasets/TIMIT_M/TIMIT_OUTPUT/test/mkch0_sx118.pickle,mkch0,mkch0,1
/home/qmh/Projects/Datasets/TIMIT_M/TIMIT_OUTPUT/test/mdrb0_sx94.pickle,mdrb0,mdrb0,1
/home/qmh/Projects/Datasets/TIMIT_M/TIMIT_OUTPUT/test/mglb0_sx274.pickle,mglb0,mglb0,1
/home/qmh/Projects/Datasets/TIMIT_M/TIMIT_OUTPUT/test/fnlp0_sx138.pickle,fnlp0,fnlp0,1
/home/qmh/Projects/Datasets/TIMIT_M/TIMIT_OUTPUT/test/mrgg0_sx29.pickle,mrgg0,mrgg0,1
/home/qmh/Projects/Datasets/TIMIT_M/TIMIT_OUTPUT/test/fcau0_sx317.pickle,fcau0,fcau0,1
/home/qmh/Projects/Datasets/TIMIT_M/TIMIT_OUTPUT/test/fcmh1_sx323.pickle,fcmh1,fcmh1,1
/home/qmh/Projects/Datasets/TIMIT_M/TIMIT_OUTPUT/test/fmgd0_sx304.pickle,fmgd0,fmgd0,1
/home/qmh/Projects/Datasets/TIMIT_M/TIMIT_OUTPUT/test/mrpp0_sx104.pickle,mrpp0,mrpp0,1
/home/qmh/Projects/Datasets/TIMIT_M/TIMIT_OUTPUT/test/mtaa0_sx115.pickle,mrcz0,mtaa0,0
/home/qmh/Projects/Datasets/TIMIT_M/TIMIT_OUTPUT/test/mgrt0_sx190.pickle,mgrt0,mgrt0,1
/home/qmh/Projects/Datasets/TIMIT_M/TIMIT_OUTPUT/test/fmld0_sx205.pickle,fmld0,fmld0,1
/home/qmh/Projects/Datasets/TIMIT_M/TIMIT_OUTPUT/test/fawf0_sx370.pickle,fawf0,fawf0,1
/home/qmh/Projects/Datasets/TIMIT_M/TIMIT_OUTPUT/test/fnlp0_sx318.pickle,fnlp0,fnlp0,1
/home/qmh/Projects/Datasets/TIMIT_M/TIMIT_OUTPUT/test/fmaf0_sx19.pickle,fmaf0,fmaf0,1
/home/qmh/Projects/Datasets/TIMIT_M/TIMIT_OUTPUT/test/mdrb0_sx184.pickle,mdrb0,mdrb0,1
/home/qmh/Projects/Datasets/TIMIT_M/TIMIT_OUTPUT/test/fmcm0_sx10.pickle,fgjd0,fmcm0,0
/home/qmh/Projects/Datasets/TIMIT_M/TIMIT_OUTPUT/test/frng0_sx95.pickle,frng0,frng0,1
/home/qmh/Projects/Datasets/TIMIT_M/TIMIT_OUTPUT/test/mctt0_sx208.pickle,mctt0,mctt0,1
/home/qmh/Projects/Datasets/TIMIT_M/TIMIT_OUTPUT/test/mljb0_sx230.pickle,mljb0,mljb0,1
/home/qmh/Projects/Datasets/TIMIT_M/TIMIT_OUTPUT/test/mthc0_sx385.pickle,mthc0,mthc0,1
/home/qmh/Projects/Datasets/TIMIT_M/TIMIT_OUTPUT/test/mmdh0_sx306.pickle,mmdh0,mmdh0,1
/home/qmh/Projects/Datasets/TIMIT_M/TIMIT_OUTPUT/test/mjdm1_sx365.pickle,mjdm1,mjdm1,1
/home/qmh/Projects/Datasets/TIMIT_M/TIMIT_OUTPUT/test/mdbb0_sx205.pickle,mdbb0,mdbb0,1
/home/qmh/Projects/Datasets/TIMIT_M/TIMIT_OUTPUT/test/fgjd0_sx189.pickle,fgjd0,fgjd0,1
/home/qmh/Projects/Datasets/TIMIT_M/TIMIT_OUTPUT/test/mmab0_sx192.pickle,mmab0,mmab0,1
/home/qmh/Projects/Datasets/TIMIT_M/TIMIT_OUTPUT/test/mjfc0_sx403.pickle,mjfc0,mjfc0,1
/home/qmh/Projects/Datasets/TIMIT_M/TIMIT_OUTPUT/test/mwew0_sx191.pickle,mwew0,mwew0,1
/home/qmh/Projects/Datasets/TIMIT_M/TIMIT_OUTPUT/test/mjar0_sx98.pickle,mjar0,mjar0,1
/home/qmh/Projects/Datasets/TIMIT_M/TIMIT_OUTPUT/test/mtdt0_sx94.pickle,mtdt0,mtdt0,1
/home/qmh/Projects/Datasets/TIMIT_M/TIMIT_OUTPUT/test/fjlm0_sx53.pickle,fjlm0,fjlm0,1
/home/qmh/Projects/Datasets/TIMIT_M/TIMIT_OUTPUT/test/mctw0_sx113.pickle,mctw0,mctw0,1
/home/qmh/Projects/Datasets/TIMIT_M/TIMIT_OUTPUT/test/fmaf0_sx289.pickle,fmaf0,fmaf0,1
/home/qmh/Projects/Datasets/TIMIT_M/TIMIT_OUTPUT/test/mpab0_sx318.pickle,mpab0,mpab0,1
/home/qmh/Projects/Datasets/TIMIT_M/TIMIT_OUTPUT/test/fdrd1_sx104.pickle,flnh0,fdrd1,0
/home/qmh/Projects/Datasets/TIMIT_M/TIMIT_OUTPUT/test/fkms0_sx410.pickle,fkms0,fkms0,1
/home/qmh/Projects/Datasets/TIMIT_M/TIMIT_OUTPUT/test/mgjf0_sx11.pickle,mgjf0,mgjf0,1
/home/qmh/Projects/Datasets/TIMIT_M/TIMIT_OUTPUT/test/fasw0_sx20.pickle,fasw0,fasw0,1
/home/qmh/Projects/Datasets/TIMIT_M/TIMIT_OUTPUT/test/fcmh1_sx233.pickle,fcmh1,fcmh1,1
/home/qmh/Projects/Datasets/TIMIT_M/TIMIT_OUTPUT/test/mrjo0_sx104.pickle,mrjo0,mrjo0,1
/home/qmh/Projects/Datasets/TIMIT_M/TIMIT_OUTPUT/test/mroa0_sx407.pickle,mroa0,mroa0,1
/home/qmh/Projects/Datasets/TIMIT_M/TIMIT_OUTPUT/test/fslb1_sx14.pickle,fslb1,fslb1,1
/home/qmh/Projects/Datasets/TIMIT_M/TIMIT_OUTPUT/test/majc0_sx115.pickle,majc0,majc0,1
/home/qmh/Projects/Datasets/TIMIT_M/TIMIT_OUTPUT/test/mrcz0_sx191.pickle,mrcz0,mrcz0,1
/home/qmh/Projects/Datasets/TIMIT_M/TIMIT_OUTPUT/test/mmwh0_sx279.pickle,mmwh0,mmwh0,1
/home/qmh/Projects/Datasets/TIMIT_M/TIMIT_OUTPUT/test/mrjm4_sx229.pickle,mrjm4,mrjm4,1
/home/qmh/Projects/Datasets/TIMIT_M/TIMIT_OUTPUT/test/mrko0_sx227.pickle,mrko0,mrko0,1
/home/qmh/Projects/Datasets/TIMIT_M/TIMIT_OUTPUT/test/mjmp0_sx5.pickle,mjmp0,mjmp0,1
/home/qmh/Projects/Datasets/TIMIT_M/TIMIT_OUTPUT/test/ftlh0_sx199.pickle,ftlh0,ftlh0,1
/home/qmh/Projects/Datasets/TIMIT_M/TIMIT_OUTPUT/test/mjrf0_sx191.pickle,mjrf0,mjrf0,1
/home/qmh/Projects/Datasets/TIMIT_M/TIMIT_OUTPUT/test/fsxa0_sx208.pickle,fsxa0,fsxa0,1
/home/qmh/Projects/Datasets/TIMIT_M/TIMIT_OUTPUT/test/mbdg0_sx113.pickle,mbdg0,mbdg0,1
/home/qmh/Projects/Datasets/TIMIT_M/TIMIT_OUTPUT/test/fdms0_sx318.pickle,fdms0,fdms0,1
/home/qmh/Projects/Datasets/TIMIT_M/TIMIT_OUTPUT/test/mpcs0_sx369.pickle,mpcs0,mpcs0,1
/home/qmh/Projects/Datasets/TIMIT_M/TIMIT_OUTPUT/test/fdrw0_sx113.pickle,fdrw0,fdrw0,1
/home/qmh/Projects/Datasets/TIMIT_M/TIMIT_OUTPUT/test/mrjo0_sx284.pickle,mrjo0,mrjo0,1
/home/qmh/Projects/Datasets/TIMIT_M/TIMIT_OUTPUT/test/faks0_sx403.pickle,faks0,faks0,1
/home/qmh/Projects/Datasets/TIMIT_M/TIMIT_OUTPUT/test/mjmp0_sx95.pickle,mjmp0,mjmp0,1
/home/qmh/Projects/Datasets/TIMIT_M/TIMIT_OUTPUT/test/mmdm2_sx102.pickle,mmdm2,mmdm2,1
/home/qmh/Projects/Datasets/TIMIT_M/TIMIT_OUTPUT/test/flbw0_sx319.pickle,flbw0,flbw0,1
/home/qmh/Projects/Datasets/TIMIT_M/TIMIT_OUTPUT/test/mlll0_sx373.pickle,mlll0,mlll0,1
/home/qmh/Projects/Datasets/TIMIT_M/TIMIT_OUTPUT/test/mbpm0_sx407.pickle,mbpm0,mbpm0,1
/home/qmh/Projects/Datasets/TIMIT_M/TIMIT_OUTPUT/test/fdac1_sx124.pickle,mdab0,fdac1,0
/home/qmh/Projects/Datasets/TIMIT_M/TIMIT_OUTPUT/test/mteb0_sx233.pickle,mteb0,mteb0,1
/home/qmh/Projects/Datasets/TIMIT_M/TIMIT_OUTPUT/test/fjsj0_sx224.pickle,fjsj0,fjsj0,1
/home/qmh/Projects/Datasets/TIMIT_M/TIMIT_OUTPUT/test/mslb0_sx23.pickle,mslb0,mslb0,1
/home/qmh/Projects/Datasets/TIMIT_M/TIMIT_OUTPUT/test/mabw0_sx224.pickle,mabw0,mabw0,1
/home/qmh/Projects/Datasets/TIMIT_M/TIMIT_OUTPUT/test/fawf0_sx280.pickle,fawf0,fawf0,1
/home/qmh/Projects/Datasets/TIMIT_M/TIMIT_OUTPUT/test/fmml0_sx50.pickle,fmml0,fmml0,1
/home/qmh/Projects/Datasets/TIMIT_M/TIMIT_OUTPUT/test/mpgl0_sx199.pickle,mrcs0,mpgl0,0
/home/qmh/Projects/Datasets/TIMIT_M/TIMIT_OUTPUT/test/mslb0_sx383.pickle,mslb0,mslb0,1
/home/qmh/Projects/Datasets/TIMIT_M/TIMIT_OUTPUT/test/mteb0_sx323.pickle,mteb0,mteb0,1
/home/qmh/Projects/Datasets/TIMIT_M/TIMIT_OUTPUT/test/fram1_sx280.pickle,frew0,fram1,0
/home/qmh/Projects/Datasets/TIMIT_M/TIMIT_OUTPUT/test/mjar0_sx188.pickle,mjar0,mjar0,1
/home/qmh/Projects/Datasets/TIMIT_M/TIMIT_OUTPUT/test/fmah0_sx389.pickle,fmah0,fmah0,1
/home/qmh/Projects/Datasets/TIMIT_M/TIMIT_OUTPUT/test/mkjl0_sx290.pickle,mkjl0,mkjl0,1
/home/qmh/Projects/Datasets/TIMIT_M/TIMIT_OUTPUT/test/mdbb0_sx385.pickle,mdbb0,mdbb0,1
/home/qmh/Projects/Datasets/TIMIT_M/TIMIT_OUTPUT/test/mrko0_sx407.pickle,mrko0,mrko0,1
/home/qmh/Projects/Datasets/TIMIT_M/TIMIT_OUTPUT/test/mmjr0_sx298.pickle,mmjr0,mmjr0,1
/home/qmh/Projects/Datasets/TIMIT_M/TIMIT_OUTPUT/test/mtaa0_sx385.pickle,mtaa0,mtaa0,1
/home/qmh/Projects/Datasets/TIMIT_M/TIMIT_OUTPUT/test/mreb0_sx385.pickle,mreb0,mreb0,1
/home/qmh/Projects/Datasets/TIMIT_M/TIMIT_OUTPUT/test/mkch0_sx28.pickle,mkch0,mkch0,1
/home/qmh/Projects/Datasets/TIMIT_M/TIMIT_OUTPUT/test/fhew0_sx43.pickle,fmah0,fhew0,0
/home/qmh/Projects/Datasets/TIMIT_M/TIMIT_OUTPUT/test/fadg0_sx109.pickle,fadg0,fadg0,1
/home/qmh/Projects/Datasets/TIMIT_M/TIMIT_OUTPUT/test/faks0_sx313.pickle,faks0,faks0,1
/home/qmh/Projects/Datasets/TIMIT_M/TIMIT_OUTPUT/test/mgmm0_sx409.pickle,mgmm0,mgmm0,1
/home/qmh/Projects/Datasets/TIMIT_M/TIMIT_OUTPUT/test/mkjl0_sx20.pickle,mkjl0,mkjl0,1
/home/qmh/Projects/Datasets/TIMIT_M/TIMIT_OUTPUT/test/fnlp0_sx48.pickle,fnlp0,fnlp0,1
/home/qmh/Projects/Datasets/TIMIT_M/TIMIT_OUTPUT/test/mwbt0_sx203.pickle,mwbt0,mwbt0,1
/home/qmh/Projects/Datasets/TIMIT_M/TIMIT_OUTPUT/test/frng0_sx185.pickle,frng0,frng0,1
/home/qmh/Projects/Datasets/TIMIT_M/TIMIT_OUTPUT/test/mgmm0_sx319.pickle,mgmm0,mgmm0,1
/home/qmh/Projects/Datasets/TIMIT_M/TIMIT_OUTPUT/test/fsem0_sx388.pickle,fsem0,fsem0,1
/home/qmh/Projects/Datasets/TIMIT_M/TIMIT_OUTPUT/test/futb0_sx304.pickle,futb0,futb0,1
/home/qmh/Projects/Datasets/TIMIT_M/TIMIT_OUTPUT/test/msfh1_sx370.pickle,msfh1,msfh1,1
/home/qmh/Projects/Datasets/TIMIT_M/TIMIT_OUTPUT/test/fjlm0_sx413.pickle,fjlm0,fjlm0,1
/home/qmh/Projects/Datasets/TIMIT_M/TIMIT_OUTPUT/test/mtmr0_sx43.pickle,mtmr0,mtmr0,1
/home/qmh/Projects/Datasets/TIMIT_M/TIMIT_OUTPUT/test/mkch0_sx388.pickle,mkch0,mkch0,1
/home/qmh/Projects/Datasets/TIMIT_M/TIMIT_OUTPUT/test/mbwm0_sx404.pickle,mbwm0,mbwm0,1
/home/qmh/Projects/Datasets/TIMIT_M/TIMIT_OUTPUT/test/mdls0_sx278.pickle,mdls0,mdls0,1
/home/qmh/Projects/Datasets/TIMIT_M/TIMIT_OUTPUT/test/mpab0_sx228.pickle,mpab0,mpab0,1
/home/qmh/Projects/Datasets/TIMIT_M/TIMIT_OUTPUT/test/mjsw0_sx380.pickle,mjsw0,mjsw0,1
/home/qmh/Projects/Datasets/TIMIT_M/TIMIT_OUTPUT/test/msfh1_sx280.pickle,msfh1,msfh1,1
/home/qmh/Projects/Datasets/TIMIT_M/TIMIT_OUTPUT/test/fmah0_sx119.pickle,fmah0,fmah0,1
/home/qmh/Projects/Datasets/TIMIT_M/TIMIT_OUTPUT/test/mpam0_sx289.pickle,mpam0,mpam0,1
/home/qmh/Projects/Datasets/TIMIT_M/TIMIT_OUTPUT/test/fcal1_sx53.pickle,fcal1,fcal1,1
/home/qmh/Projects/Datasets/TIMIT_M/TIMIT_OUTPUT/test/mpam1_sx216.pickle,mpam1,mpam1,1
/home/qmh/Projects/Datasets/TIMIT_M/TIMIT_OUTPUT/test/msfh1_sx190.pickle,msfh1,msfh1,1
/home/qmh/Projects/Datasets/TIMIT_M/TIMIT_OUTPUT/test/mctw0_sx293.pickle,mctw0,mctw0,1
/home/qmh/Projects/Datasets/TIMIT_M/TIMIT_OUTPUT/test/mahh0_sx124.pickle,mahh0,mahh0,1
/home/qmh/Projects/Datasets/TIMIT_M/TIMIT_OUTPUT/test/fhes0_sx209.pickle,fhes0,fhes0,1
/home/qmh/Projects/Datasets/TIMIT_M/TIMIT_OUTPUT/test/fdms0_sx48.pickle,fdms0,fdms0,1
/home/qmh/Projects/Datasets/TIMIT_M/TIMIT_OUTPUT/test/mrjr0_sx192.pickle,mrjr0,mrjr0,1
/home/qmh/Projects/Datasets/TIMIT_M/TIMIT_OUTPUT/test/mnls0_sx403.pickle,mnls0,mnls0,1
/home/qmh/Projects/Datasets/TIMIT_M/TIMIT_OUTPUT/test/faks0_sx43.pickle,faks0,faks0,1
/home/qmh/Projects/Datasets/TIMIT_M/TIMIT_OUTPUT/test/mdsc0_sx228.pickle,mdsc0,mdsc0,1
/home/qmh/Projects/Datasets/TIMIT_M/TIMIT_OUTPUT/test/mdld0_sx103.pickle,mdld0,mdld0,1
/home/qmh/Projects/Datasets/TIMIT_M/TIMIT_OUTPUT/test/mesd0_sx282.pickle,mesd0,mesd0,1
/home/qmh/Projects/Datasets/TIMIT_M/TIMIT_OUTPUT/test/mjdm1_sx95.pickle,mjdm1,mjdm1,1
/home/qmh/Projects/Datasets/TIMIT_M/TIMIT_OUTPUT/test/mgjf0_sx191.pickle,mgjf0,mgjf0,1
/home/qmh/Projects/Datasets/TIMIT_M/TIMIT_OUTPUT/test/mwvw0_sx396.pickle,mwvw0,mwvw0,1
/home/qmh/Projects/Datasets/TIMIT_M/TIMIT_OUTPUT/test/mkcl0_sx281.pickle,mkcl0,mkcl0,1
/home/qmh/Projects/Datasets/TIMIT_M/TIMIT_OUTPUT/test/fjmg0_sx11.pickle,fjmg0,fjmg0,1
/home/qmh/Projects/Datasets/TIMIT_M/TIMIT_OUTPUT/test/mpdf0_sx192.pickle,mpdf0,mpdf0,1
/home/qmh/Projects/Datasets/TIMIT_M/TIMIT_OUTPUT/test/mpam0_sx379.pickle,mpam0,mpam0,1
/home/qmh/Projects/Datasets/TIMIT_M/TIMIT_OUTPUT/test/fcrh0_sx98.pickle,fcrh0,fcrh0,1
/home/qmh/Projects/Datasets/TIMIT_M/TIMIT_OUTPUT/test/fisb0_sx229.pickle,fisb0,fisb0,1
/home/qmh/Projects/Datasets/TIMIT_M/TIMIT_OUTPUT/test/mjbr0_sx371.pickle,mjbr0,mjbr0,1
/home/qmh/Projects/Datasets/TIMIT_M/TIMIT_OUTPUT/test/fgmd0_sx323.pickle,fgmd0,fgmd0,1
/home/qmh/Projects/Datasets/TIMIT_M/TIMIT_OUTPUT/test/fnmr0_sx319.pickle,fnmr0,fnmr0,1
/home/qmh/Projects/Datasets/TIMIT_M/TIMIT_OUTPUT/test/fisb0_sx409.pickle,fisb0,fisb0,1
/home/qmh/Projects/Datasets/TIMIT_M/TIMIT_OUTPUT/test/frew0_sx380.pickle,frew0,frew0,1
/home/qmh/Projects/Datasets/TIMIT_M/TIMIT_OUTPUT/test/mjes0_sx214.pickle,mjes0,mjes0,1
/home/qmh/Projects/Datasets/TIMIT_M/TIMIT_OUTPUT/test/mrpp0_sx194.pickle,mrpp0,mrpp0,1
/home/qmh/Projects/Datasets/TIMIT_M/TIMIT_OUTPUT/test/fdms0_sx138.pickle,fdms0,fdms0,1
/home/qmh/Projects/Datasets/TIMIT_M/TIMIT_OUTPUT/test/mbns0_sx50.pickle,mbns0,mbns0,1
/home/qmh/Projects/Datasets/TIMIT_M/TIMIT_OUTPUT/test/mdrm0_sx113.pickle,mdrm0,mdrm0,1
/home/qmh/Projects/Datasets/TIMIT_M/TIMIT_OUTPUT/test/msfh1_sx10.pickle,msfh1,msfh1,1
/home/qmh/Projects/Datasets/TIMIT_M/TIMIT_OUTPUT/test/mtls0_sx110.pickle,mtls0,mtls0,1
/home/qmh/Projects/Datasets/TIMIT_M/TIMIT_OUTPUT/test/mtwh0_sx380.pickle,mtwh0,mtwh0,1
/home/qmh/Projects/Datasets/TIMIT_M/TIMIT_OUTPUT/test/mpam1_sx396.pickle,mpam1,mpam1,1
/home/qmh/Projects/Datasets/TIMIT_M/TIMIT_OUTPUT/test/mrms1_sx317.pickle,mrms1,mrms1,1
/home/qmh/Projects/Datasets/TIMIT_M/TIMIT_OUTPUT/test/mdab0_sx229.pickle,mdab0,mdab0,1
/home/qmh/Projects/Datasets/TIMIT_M/TIMIT_OUTPUT/test/mdls0_sx98.pickle,mdls0,mdls0,1
/home/qmh/Projects/Datasets/TIMIT_M/TIMIT_OUTPUT/test/mlnt0_sx282.pickle,mlnt0,mlnt0,1
/home/qmh/Projects/Datasets/TIMIT_M/TIMIT_OUTPUT/test/msjs1_sx369.pickle,msjs1,msjs1,1
/home/qmh/Projects/Datasets/TIMIT_M/TIMIT_OUTPUT/test/mdaw1_sx193.pickle,mdaw1,mdaw1,1
/home/qmh/Projects/Datasets/TIMIT_M/TIMIT_OUTPUT/test/mers0_sx389.pickle,mers0,mers0,1
/home/qmh/Projects/Datasets/TIMIT_M/TIMIT_OUTPUT/test/mdwa0_sx275.pickle,mdwa0,mdwa0,1
/home/qmh/Projects/Datasets/TIMIT_M/TIMIT_OUTPUT/test/fjas0_sx140.pickle,fjas0,fjas0,1
/home/qmh/Projects/Datasets/TIMIT_M/TIMIT_OUTPUT/test/fmcm0_sx280.pickle,fmcm0,fmcm0,1
/home/qmh/Projects/Datasets/TIMIT_M/TIMIT_OUTPUT/test/fhes0_sx119.pickle,fhes0,fhes0,1
/home/qmh/Projects/Datasets/TIMIT_M/TIMIT_OUTPUT/test/mtdt0_sx4.pickle,mtdt0,mtdt0,1
/home/qmh/Projects/Datasets/TIMIT_M/TIMIT_OUTPUT/test/mrjm4_sx139.pickle,mrjm4,mrjm4,1
/home/qmh/Projects/Datasets/TIMIT_M/TIMIT_OUTPUT/test/mcmb0_sx8.pickle,mcmb0,mcmb0,1
/home/qmh/Projects/Datasets/TIMIT_M/TIMIT_OUTPUT/test/mpwm0_sx227.pickle,mpwm0,mpwm0,1
/home/qmh/Projects/Datasets/TIMIT_M/TIMIT_OUTPUT/test/mrjr0_sx372.pickle,mrjr0,mrjr0,1
/home/qmh/Projects/Datasets/TIMIT_M/TIMIT_OUTPUT/test/fdhc0_sx389.pickle,fdhc0,fdhc0,1
/home/qmh/Projects/Datasets/TIMIT_M/TIMIT_OUTPUT/test/mdaw1_sx13.pickle,mdaw1,mdaw1,1
/home/qmh/Projects/Datasets/TIMIT_M/TIMIT_OUTPUT/test/fcmr0_sx205.pickle,fcmr0,fcmr0,1
/home/qmh/Projects/Datasets/TIMIT_M/TIMIT_OUTPUT/test/mrrk0_sx118.pickle,mrrk0,mrrk0,1
/home/qmh/Projects/Datasets/TIMIT_M/TIMIT_OUTPUT/test/mplb0_sx134.pickle,mplb0,mplb0,1
/home/qmh/Projects/Datasets/TIMIT_M/TIMIT_OUTPUT/test/mjbr0_sx101.pickle,mjbr0,mjbr0,1
/home/qmh/Projects/Datasets/TIMIT_M/TIMIT_OUTPUT/test/mpgl0_sx19.pickle,mpgl0,mpgl0,1
/home/qmh/Projects/Datasets/TIMIT_M/TIMIT_OUTPUT/test/mmjr0_sx208.pickle,mmjr0,mmjr0,1
/home/qmh/Projects/Datasets/TIMIT_M/TIMIT_OUTPUT/test/mrcz0_sx101.pickle,mtaa0,mrcz0,0
/home/qmh/Projects/Datasets/TIMIT_M/TIMIT_OUTPUT/test/fgwr0_sx138.pickle,fgwr0,fgwr0,1
/home/qmh/Projects/Datasets/TIMIT_M/TIMIT_OUTPUT/test/mdac2_sx279.pickle,mdac2,mdac2,1
/home/qmh/Projects/Datasets/TIMIT_M/TIMIT_OUTPUT/test/mcsh0_sx379.pickle,mcsh0,mcsh0,1
/home/qmh/Projects/Datasets/TIMIT_M/TIMIT_OUTPUT/test/fadg0_sx19.pickle,fadg0,fadg0,1
/home/qmh/Projects/Datasets/TIMIT_M/TIMIT_OUTPUT/test/mtmr0_sx403.pickle,mtmr0,mtmr0,1
/home/qmh/Projects/Datasets/TIMIT_M/TIMIT_OUTPUT/test/mpwm0_sx137.pickle,mpwm0,mpwm0,1
/home/qmh/Projects/Datasets/TIMIT_M/TIMIT_OUTPUT/test/mbwm0_sx44.pickle,mbwm0,mbwm0,1
/home/qmh/Projects/Datasets/TIMIT_M/TIMIT_OUTPUT/test/mreb0_sx205.pickle,mreb0,mreb0,1
/home/qmh/Projects/Datasets/TIMIT_M/TIMIT_OUTPUT/test/fcft0_sx278.pickle,fcft0,fcft0,1
/home/qmh/Projects/Datasets/TIMIT_M/TIMIT_OUTPUT/test/mjtc0_sx380.pickle,mjtc0,mjtc0,1
/home/qmh/Projects/Datasets/TIMIT_M/TIMIT_OUTPUT/test/mklt0_sx403.pickle,mklt0,mklt0,1
/home/qmh/Projects/Datasets/TIMIT_M/TIMIT_OUTPUT/test/mbpm0_sx317.pickle,mbpm0,mbpm0,1
/home/qmh/Projects/Datasets/TIMIT_M/TIMIT_OUTPUT/test/mccs0_sx389.pickle,mccs0,mccs0,1
/home/qmh/Projects/Datasets/TIMIT_M/TIMIT_OUTPUT/test/mwjg0_sx44.pickle,mwjg0,mwjg0,1
/home/qmh/Projects/Datasets/TIMIT_M/TIMIT_OUTPUT/test/mrjm4_sx319.pickle,mrjm4,mrjm4,1
/home/qmh/Projects/Datasets/TIMIT_M/TIMIT_OUTPUT/test/mrpc0_sx223.pickle,mrpc0,mrpc0,1
/home/qmh/Projects/Datasets/TIMIT_M/TIMIT_OUTPUT/test/flbw0_sx139.pickle,flbw0,flbw0,1
/home/qmh/Projects/Datasets/TIMIT_M/TIMIT_OUTPUT/test/fdhc0_sx299.pickle,fdhc0,fdhc0,1
/home/qmh/Projects/Datasets/TIMIT_M/TIMIT_OUTPUT/test/mjjg0_sx103.pickle,mjjg0,mjjg0,1
/home/qmh/Projects/Datasets/TIMIT_M/TIMIT_OUTPUT/test/mkdr0_sx283.pickle,mkdr0,mkdr0,1
/home/qmh/Projects/Datasets/TIMIT_M/TIMIT_OUTPUT/test/mrjm3_sx368.pickle,mrjm3,mrjm3,1
/home/qmh/Projects/Datasets/TIMIT_M/TIMIT_OUTPUT/test/fdac1_sx34.pickle,fdac1,fdac1,1
/home/qmh/Projects/Datasets/TIMIT_M/TIMIT_OUTPUT/test/fjlm0_sx233.pickle,fjlm0,fjlm0,1
/home/qmh/Projects/Datasets/TIMIT_M/TIMIT_OUTPUT/test/mwew0_sx281.pickle,mwew0,mwew0,1
/home/qmh/Projects/Datasets/TIMIT_M/TIMIT_OUTPUT/test/fcrh0_sx368.pickle,fcrh0,fcrh0,1
/home/qmh/Projects/Datasets/TIMIT_M/TIMIT_OUTPUT/test/mlih0_sx283.pickle,mlih0,mlih0,1
/home/qmh/Projects/Datasets/TIMIT_M/TIMIT_OUTPUT/test/fcmr0_sx385.pickle,fcmr0,fcmr0,1
/home/qmh/Projects/Datasets/TIMIT_M/TIMIT_OUTPUT/test/mcem0_sx228.pickle,mcem0,mcem0,1
/home/qmh/Projects/Datasets/TIMIT_M/TIMIT_OUTPUT/test/mdrb0_sx364.pickle,mlnt0,mdrb0,0
/home/qmh/Projects/Datasets/TIMIT_M/TIMIT_OUTPUT/test/mpwm0_sx317.pickle,mpwm0,mpwm0,1
/home/qmh/Projects/Datasets/TIMIT_M/TIMIT_OUTPUT/test/mjth0_sx306.pickle,mjth0,mjth0,1
/home/qmh/Projects/Datasets/TIMIT_M/TIMIT_OUTPUT/test/mplb0_sx44.pickle,mplb0,mplb0,1
/home/qmh/Projects/Datasets/TIMIT_M/TIMIT_OUTPUT/test/mctt0_sx28.pickle,mctt0,mctt0,1
/home/qmh/Projects/Datasets/TIMIT_M/TIMIT_OUTPUT/test/flkd0_sx19.pickle,flkd0,flkd0,1
/home/qmh/Projects/Datasets/TIMIT_M/TIMIT_OUTPUT/test/mwjg0_sx404.pickle,mwjg0,mwjg0,1
/home/qmh/Projects/Datasets/TIMIT_M/TIMIT_OUTPUT/test/fdhc0_sx29.pickle,fdhc0,fdhc0,1
/home/qmh/Projects/Datasets/TIMIT_M/TIMIT_OUTPUT/test/mgwt0_sx99.pickle,mgwt0,mgwt0,1
/home/qmh/Projects/Datasets/TIMIT_M/TIMIT_OUTPUT/test/mjdh0_sx94.pickle,mjdh0,mjdh0,1
/home/qmh/Projects/Datasets/TIMIT_M/TIMIT_OUTPUT/test/mkdr0_sx373.pickle,mkdr0,mkdr0,1
/home/qmh/Projects/Datasets/TIMIT_M/TIMIT_OUTPUT/test/felc0_sx396.pickle,felc0,felc0,1
/home/qmh/Projects/Datasets/TIMIT_M/TIMIT_OUTPUT/test/mgwt0_sx279.pickle,mgwt0,mgwt0,1
/home/qmh/Projects/Datasets/TIMIT_M/TIMIT_OUTPUT/test/mchh0_sx14.pickle,mchh0,mchh0,1
/home/qmh/Projects/Datasets/TIMIT_M/TIMIT_OUTPUT/test/mkcl0_sx101.pickle,mkcl0,mkcl0,1
/home/qmh/Projects/Datasets/TIMIT_M/TIMIT_OUTPUT/test/mctt0_sx298.pickle,mctt0,mctt0,1
/home/qmh/Projects/Datasets/TIMIT_M/TIMIT_OUTPUT/test/fpkt0_sx98.pickle,fpkt0,fpkt0,1
/home/qmh/Projects/Datasets/TIMIT_M/TIMIT_OUTPUT/test/mtls0_sx380.pickle,mtls0,mtls0,1
/home/qmh/Projects/Datasets/TIMIT_M/TIMIT_OUTPUT/test/mjvw0_sx293.pickle,mjvw0,mjvw0,1
/home/qmh/Projects/Datasets/TIMIT_M/TIMIT_OUTPUT/test/mpam0_sx109.pickle,mpam0,mpam0,1
/home/qmh/Projects/Datasets/TIMIT_M/TIMIT_OUTPUT/test/mtmr0_sx223.pickle,mtmr0,mtmr0,1
/home/qmh/Projects/Datasets/TIMIT_M/TIMIT_OUTPUT/test/mrrk0_sx388.pickle,mrrk0,mrrk0,1
/home/qmh/Projects/Datasets/TIMIT_M/TIMIT_OUTPUT/test/mthc0_sx115.pickle,mthc0,mthc0,1
